"Country","Operator","TADIG code","MCC/MNC","Tags","LTE Status Outbound","LTE Date Outbound","5G NSA Status Outbound","5G NSA Date Outbound"
"Afghanistan","Afghan Wireless Communication Company","AFGAW","41201",,"Live","2019-05-30","N/A",
"Albania","One Albania sh.a","ALBAM","27601",,"Live","2016-05-06","Live","2025-08-12"
"Albania","One Albania sh.a","ALBEM","27603",,"Live","2017-10-12","Live","2025-08-12"
"Albania","Vodafone Albania","ALBVF","27602",,"Live","2018-11-22","N/A",
"Algeria","ATM Mobilis","DZAA1","60301",,"Live","2018-02-05","N/A",
"Algeria","Djezzy","DZAOT","60302",,"Live","2021-10-07","N/A",
"Algeria","Ooredoo Algérie","DZAWT","60303",,"Live","2023-09-21","Live","2025-12-08"
"Andorra","Andorra Telecom","ANDMA","21303",,"Live","2025-06-13","Live","2025-06-13"
"Angola","Africell Angola S.A.","AGOAC","63105","HRVCN_HUB","Live","2023-11-24","N/A",
"Angola","Unitel S.A.","AGOUT","63102","HRVCN_HUB","Live","2026-05-11","N/A",
"Anguilla","FLOW Anguilla","AIACW","365840","HRVCN_HUB","Live","2016-12-12","N/A",
"Antigua and Barbuda","FLOW Antigua","ATGCW","344920","HRVCN_HUB","Live","2016-10-24","N/A",
"Argentina","Personal Argentina","ARGTP","72234",,"Live","2021-01-20","Live","2024-03-14"
"Armenia","Team Telecom Armenia","ARM01","28301",,"Live","2024-03-08","N/A",
"Armenia","Viva Armenia","ARM05","28305",,"Live","2020-12-10","Live","2025-05-20"
"Australia","SingTel Optus Pty Limited","AUSOP","50502",,"Live","2016-05-16","Live","2023-08-02"
"Australia","Telstra Limited","AUSTA","50501",,"Live","2016-06-30","Live","2025-11-12"
"Australia","Vodafone Australia","AUSVF","50503",,"Live","2018-10-03","Live","2025-10-29"
"Austria","3 Austria","AUTCA","23205","TMHR EU regulated","Live","2015-08-26","Live","2022-09-01"
"Austria","A1 Telekom Austria AG","AUTPT","23201","TMHR EU regulated","Live","2019-10-25","Live","2022-11-16"
"Austria","T-Mobile Austria","AUTMM","23203","TMHR EU regulated","Live","2015-11-30","Live","2021-09-27"
"Azerbaijan","Azercell Telecom LLC","AZEAC","40001",,"Live","2024-08-12","N/A",
"Azerbaijan","Bakcell Limited Liable Company","AZEBC","40002",,"Live","2016-04-20","Terminated","2026-03-02"
"Bahamas","Aliv","BHSNC","36449","HRVCN_HUB","Live","2020-07-22","N/A",
"Bahamas","The Bahamas Telecommunications Company Ltd.","BHSBH","36439",,"Live","2024-12-11","N/A",
"Bahrain","BEYON","BHRBT","42601",,"Live","2024-02-01","Live","2024-02-01"
"Bahrain","stc Bahrain","BHRST","42604",,"Live","2022-01-20","Live","2023-03-14"
"Bahrain","Zain Bahrain","BHRMV","42602",,"Live","2021-10-14","Live","2022-01-21"
"Barbados","FLOW Barbados","BRBCW","342600","HRVCN_HUB","Live","2017-12-07","N/A",
"Belarus","JLLC Mobile TeleSystems","BLR02","25702",,"Live","2025-02-19","N/A",
"Belgium","ORANGE Belgium NV/SA","BELMO","20610","TMHR EU regulated","Live","2016-03-14","Live","2023-08-31"
"Belgium","Proximus Belgium","BELTB","20601","TMHR EU regulated","Live","2015-08-21","Live","2022-02-08"
"Belgium","Telenet Group NV/SA","BELKO","20620","TMHR EU regulated","Live","2016-12-09","Live","2023-03-06"
"Bermuda","One Communications Bermuda","BMUBD","350000","HRVCN_HUB","Live","2019-03-13","N/A",
"Bosnia and Herzegovina","BH Telecom JSC Sarajevo","BIHPT","21890",,"Live","2021-08-09","N/A",
"Bosnia and Herzegovina","HT Eronet","BIHER","21803",,"Live","2020-04-23","N/A",
"Bosnia and Herzegovina","m:tel","BIHMS","21805",,"Live","2021-07-09","N/A",
"Botswana","btc","BWABC","65204","HRVCN_HUB","Live","2022-03-30","N/A",
"Botswana","Mascom Wireless (Pty) Limited","BWAGA","65201","HRVCN_HUB","Live","2024-04-18","N/A",
"Brazil","TIM S.A.","BRACS","72404",,"Live","2024-11-11","Live","2025-08-19"
"Brazil","TIM S.A.","BRARN","72402",,"Live","2024-11-11","Live","2025-08-19"
"Brazil","TIM S.A.","BRASP","72403",,"Live","2024-11-11","Live","2025-08-19"
"Brazil","Vivo","BRATC","72423",,"Live","2016-05-19","Live","2024-08-01"
"Brazil","Vivo","BRAV1","72410",,"Live","2016-05-19","Live","2024-08-01"
"Brazil","Vivo","BRAV2","72406",,"Live","2016-05-19","Live","2024-08-01"
"Brazil","Vivo","BRAV3","72411",,"Live","2016-05-19","Live","2024-08-01"
"British Virgin Islands","FLOW British Virgin Islands","VGBCW","348170","HRVCN_HUB","Live","2016-12-12","N/A",
"Bulgaria","A1 Bulgaria","BGR01","28401","TMHR EU regulated","Live","2018-06-08","Live","2025-03-13"
"Bulgaria","Vivacom Bulgaria","BGRVA","28403","TMHR EU regulated","Live","2016-12-02","Live","2023-08-28"
"Bulgaria","Yettel Bulgaria EAD","BGRCM","28405","TMHR EU regulated","Live","2017-01-27","Live","2022-05-23"
"Cambodia","metfone","KHMVC","45608","HRVCN_HUB","Live","2024-01-18","N/A",
"Cambodia","Smart Axiata","KHMSM","45602","HRVCN_HUB","Live","2020-11-16","N/A",
"Canada","Bell Mobility Inc.","CANBM","302610",,"Live","2015-07-02","Live","2022-06-23"
"Canada","Rogers Communications Canada Inc.","CANRW","302720",,"Live","2015-10-21","N/A",
"Canada","Sasktel","CANST","302780",,"Live","2024-05-01","Live","2024-05-01"
"Canada","TELUS Communications Inc.","CANTS","302220",,"Live","2015-12-11","Live","2022-03-31"
"Canada","Videotron","CANVT","302500",,"Live","2020-03-16","Live","2025-10-06"
"Cape Verde","UNITEL T+ TELECOMUNICACÕES, Sociedade Unipessoal S.A.","CPVTM","62502","HRVCN_HUB","Live","2022-04-06","N/A",
"Cayman Islands","FLOW Cayman","CYMCW","346140","HRVCN_HUB","Live","2016-10-24","N/A",
"Chad","Airtel Chad","TCDCT","62201","HRVCN_HUB","Live","2022-02-28","N/A",
"Chile","Entel PCS Telecomunicaciones S.A.","CHLMV","73001",,"Live","2019-02-22","Live","2024-12-17"
"Chile","Movistar Chile","CHLTM","73002",,"Live","2018-07-06","N/A",
"Chile","WOM","CHLN3","73009","HRVCN_HUB","Live","2022-10-13","Live","2025-05-28"
"China","China Mobile","CHNCM","46002",,"Live","2016-09-14","N/A",
"China","China Unicom","CHNCU","46001",,"Live","2017-05-03","N/A",
"Colombia","Movistar Colombia","COLTM","732123",,"Live","2025-04-01","Live","2025-04-01"
"Colombia","Tigo Colombia","COLCO","732111","HRVCN_HUB","Live","2022-04-08","N/A",
"Congo, The Democratic Republic of the","Africell RDC sprl","CODAC","63090","HRVCN_HUB","Live","2023-03-02","N/A",
"Costa Rica","LIBERTY COSTA RICA","CRITC","71204",,"Live","2017-06-26","Live","2025-05-29"
"Cuba","Empresa de Telecomunicaciones de Cuba, SA (ETECSA)","CUB01","36801",,"Live","2019-05-16","N/A",
"Cyprus","cyta","CYPCT","28001","TMHR EU regulated","Live","2018-06-08","Live","2025-01-20"
"Cyprus","Epic Cyprus","CYPSC","28010","HRVCN_HUB, TMHR EU regulated","Live","2020-08-03","Live","2022-02-11"
"Cyprus","PrimeTel PLC","CYPPT","28020","TMHR EU regulated","Live","2018-02-09","Live","2025-09-29"
"Czechia","O2 Czech Republic","CZEET","23002","TMHR EU regulated","Live","2021-09-08","Live","2021-09-08"
"Czechia","T-Mobile Czech Republic a.s.","CZERM","23001","TMHR EU regulated","Live","2015-04-29","Live","2022-03-31"
"Czechia","Vodafone Czech Republic","CZECM","23003","TMHR EU regulated","Live","2021-10-27","Live","2025-12-05"
"Denmark","3 Denmark","DNKHU","23806","TMHR EU regulated","Live","2018-07-13","Live","2024-02-20"
"Denmark","Norlys Mobil A/S","DNKIA","23820","TMHR EU regulated","Live","2015-10-16","Live","2021-12-10"
"Denmark","TDC Brands A/S","DNKTD","23801","TMHR EU regulated","Live","2017-02-27","Live","2022-05-11"
"Denmark","Telenor Denmark","DNKDM","23802","TMHR EU regulated","Live","2016-06-29","Live","2023-05-30"
"Ecuador","TIGO Ecuador","ECUOT","74000",,"Live","2017-11-06","N/A",
"Egypt","Etisalat Egypt","EGYEM","60203",,"Live","2017-04-27","Live","2026-03-09"
"Egypt","Orange Egypt","EGYAR","60201",,"Live","2018-06-04","N/A",
"Egypt","Vodafone Egypt","EGYMS","60202",,"Live","2020-04-13","Live","2025-02-12"
"El Salvador","CTE Telecom Personal, S.A. de C.V.","SLVTP","70601",,"Live","2025-08-08","N/A",
"El Salvador","Movistar El Salvador","SLVTS","70604",,"Live","2026-04-14","N/A",
"El Salvador","Tigo El Salvador","SLVTM","70603","HRVCN_HUB","Live","2024-07-17","N/A",
"Estonia","Elisa Eesti AS","ESTRE","24802","TMHR EU regulated","Live","2016-04-06","Live","2023-08-30"
"Estonia","Tele2 Eesti Aktsiaselts","ESTRB","24803","TMHR EU regulated","Live","2021-05-28","Live","2024-02-05"
"Estonia","Telia Eesti AS","ESTEM","24801","TMHR EU regulated","Live","2016-02-08","Live","2021-12-10"
"Ethiopia","Ethio Telecom","ETH01","63601",,"Live","2023-11-24","Live","2025-04-01"
"Faroe Islands","Foroya Tele","FROFT","28801",,"Live","2022-04-04","Live","2024-03-08"
"Fiji","Vodafone Fiji","FJIVF","54201","HRVCN_HUB","Live","2023-12-08","N/A",
"Finland","DNA Plc","FIN2G","24412","TMHR EU regulated","Live","2023-05-30","Live","2023-05-30"
"Finland","Elisa Corporation","FINRL","24405","TMHR EU regulated","Live","2017-04-10","Live","2022-05-06"
"Finland","Telia Finland Oyj","FINTF","24491","TMHR EU regulated","Live","2016-02-10","Live","2021-12-10"
"Finland","Ålands Telekommunikation Ab","FINAM","24414","TMHR EU regulated","Live","2021-12-10","Live","2023-08-08"
"France","Bouygues Télécom","FRAF3","20820","TMHR EU regulated","Live","2015-05-26","Live","2022-04-28"
"France","Free Mobile","FRAFM","20815","TMHR EU regulated","Live","2023-11-15","Live","2023-11-15"
"France","Orange France","FRAF1","20801","TMHR EU regulated","Live","2015-06-29","Live","2022-05-17"
"France","SFR","FRAF2","20810","TMHR EU regulated","Live","2018-02-15","Live","2022-10-13"
"French Polynesia","Vodafone French Polynesia","PYFVF","54715","HRVCN_HUB","Live","2022-05-25","Live","2025-01-28"
"Gambia","Africell (Gambia) Limited","GMBAC","60702",,"Live","2026-04-20","N/A",
"Georgia","Magticom Ltd","GEOMA","28202",,"Live","2020-06-29","Live","2025-01-22"
"Georgia","Silknet JSC","GEOGC","28201",,"Live","2024-10-01","Live","2024-10-01"
"Germany","Telefónica Germany GmbH & Co. OHG","DEUE2","26207","TMHR EU regulated","Live","2016-04-12","Live","2022-06-21"
"Germany","Telekom Deutschland GmbH","DEUD1","26201","TMHR EU regulated","Live","2015-04-02","Live","2021-06-17"
"Germany","Vodafone Germany","DEUD2","26202","TMHR EU regulated","Live","2021-05-26","N/A",
"Ghana","Telecel Ghana","GHAGT","62002",,"Live","2025-07-30","N/A",
"Greece","COSMOTE Telekom","GRCCO","20201","TMHR EU regulated","Live","2015-08-31","Live","2021-07-29"
"Greece","NOVA","GRCSH","20210","TMHR EU regulated","Live","2016-09-28","Live","2022-05-24"
"Greece","Vodafone Greece","GRCPF","20205","TMHR EU regulated","Live","2021-10-27","N/A",
"Greenland","Tusass","GRLTG","29001",,"Live","2020-08-28","N/A",
"Guadeloupe","Dauphin Télécom","GLPDT","34008","HRVCN_HUB, TMHR EU regulated","Live","2024-01-04","N/A",
"Guadeloupe","Digicel Antilles Française Guyane","FRAF4","34020","TMHR EU regulated","Live","2025-01-13","N/A",
"Guatemala","Telecomunicaciones de Guatemala S.A.","GTMSC","70401",,"Live","2024-01-08","N/A",
"Guatemala","Tigo Guatemala","GTMCM","70402","HRVCN_HUB","Live","2023-03-22","Live","2023-11-16"
"Hong Kong, SAR China","Hong Kong Telecommunications (HKT) Limited","HKGTC","45400",,"Live","2015-12-07","Live","2023-10-10"
"Hong Kong, SAR China","Hutchison Telecommunications Hong Kong Holdings Limited","HKGH3","45403",,"Live","2019-05-21","Live","2023-06-06"
"Hong Kong, SAR China","SmarTone Mobile Communications Limited","HKGSM","45406",,"Live","2024-04-05","Live","2024-04-05"
"Hungary","Magyar Telekom Nyrt.","HUNH2","21630","TMHR EU regulated","Live","2015-05-07","Live","2021-04-01"
"Hungary","One Hungary","HUNVR","21670","TMHR EU regulated","Live","2021-05-26","Live","2024-04-10"
"Hungary","Yettel Magyarország Zártköruen Muködo Részvénytárs","HUNH1","21601","TMHR EU regulated","Live","2015-12-08","Live","2022-10-11"
"Iceland","Nova ehf.","ISLNO","27411","TMHR EU regulated","Live","2019-10-14","Live","2022-03-28"
"Iceland","Síminn h.f.","ISLPS","27401","TMHR EU regulated","Live","2015-12-22","Live","2022-06-27"
"Iceland","Sýn","ISLTL","27402","TMHR EU regulated","Live","2025-02-07","N/A",
"India","Airtel India","IND10","40554",,"Live","2020-02-14","Live","2023-09-13"
"India","Airtel India","IND11","40553",,"Live","2020-02-14","Live","2023-09-13"
"India","Airtel India","IND12","40552",,"Live","2020-02-14","Live","2023-09-13"
"India","Airtel India","IND14","40551",,"Live","2020-02-14","Live","2023-09-13"
"India","Airtel India","IND15","40556",,"Live","2020-02-14","Live","2023-09-13"
"India","Airtel India","IND16","40416",,"Live","2020-02-14","Live","2023-09-13"
"India","Airtel India","INDA1","40492",,"Live","2020-02-14","Live","2023-09-13"
"India","Airtel India","INDA2","40490",,"Live","2020-02-14","Live","2023-09-13"
"India","Airtel India","INDA3","40498",,"Live","2020-02-14","Live","2023-09-13"
"India","Airtel India","INDA4","40494",,"Live","2020-02-14","Live","2023-09-13"
"India","Airtel India","INDA5","40496",,"Live","2020-02-14","Live","2023-09-13"
"India","Airtel India","INDA6","40497",,"Live","2020-02-14","Live","2023-09-13"
"India","Airtel India","INDA7","40495",,"Live","2020-02-14","Live","2023-09-13"
"India","Airtel India","INDA8","40493",,"Live","2020-02-14","Live","2023-09-13"
"India","Airtel India","INDA9","40402",,"Live","2020-02-14","Live","2023-09-13"
"India","Airtel India","INDAT","40410",,"Live","2020-02-14","Live","2023-09-13"
"India","Airtel India","INDBL","40403",,"Live","2020-02-14","Live","2023-09-13"
"India","Airtel India","INDH1","40470",,"Live","2020-02-14","Live","2023-09-13"
"India","Airtel India","INDJB","40445",,"Live","2020-02-14","Live","2023-09-13"
"India","Airtel India","INDJH","40449",,"Live","2020-02-14","Live","2023-09-13"
"India","Airtel India","INDMT","40431",,"Live","2020-02-14","Live","2023-09-13"
"India","Airtel India","INDSC","40440",,"Live","2020-02-14","Live","2023-09-13"
"India","Reliance Jio Infocomm Limited","INDJ1","405840","HRVCN_HUB","Live","2026-02-02","N/A",
"India","Reliance Jio Infocomm Limited","INDJ2","405854","HRVCN_HUB","Live","2026-02-02","N/A",
"India","Reliance Jio Infocomm Limited","INDJ3","405855","HRVCN_HUB","Live","2026-02-02","N/A",
"India","Reliance Jio Infocomm Limited","INDJ4","405856","HRVCN_HUB","Live","2026-02-02","N/A",
"India","Reliance Jio Infocomm Limited","INDJ5","405857","HRVCN_HUB","Live","2026-02-02","N/A",
"India","Reliance Jio Infocomm Limited","INDJ6","405858","HRVCN_HUB","Live","2026-02-02","N/A",
"India","Reliance Jio Infocomm Limited","INDJ7","405859","HRVCN_HUB","Live","2026-02-02","N/A",
"India","Reliance Jio Infocomm Limited","INDJ8","405860","HRVCN_HUB","Live","2026-02-02","N/A",
"India","Reliance Jio Infocomm Limited","INDJ9","405861","HRVCN_HUB","Live","2026-02-02","N/A",
"India","Reliance Jio Infocomm Limited","INDJL","405862","HRVCN_HUB","Live","2026-02-02","N/A",
"India","Reliance Jio Infocomm Limited","INDJM","405863","HRVCN_HUB","Live","2026-02-02","N/A",
"India","Reliance Jio Infocomm Limited","INDJN","405864","HRVCN_HUB","Live","2026-02-02","N/A",
"India","Reliance Jio Infocomm Limited","INDJO","405865","HRVCN_HUB","Live","2026-02-02","N/A",
"India","Reliance Jio Infocomm Limited","INDJP","405866","HRVCN_HUB","Live","2026-02-02","N/A",
"India","Reliance Jio Infocomm Limited","INDJQ","405867","HRVCN_HUB","Live","2026-02-02","N/A",
"India","Reliance Jio Infocomm Limited","INDJR","405868","HRVCN_HUB","Live","2026-02-02","N/A",
"India","Reliance Jio Infocomm Limited","INDJS","405869","HRVCN_HUB","Live","2026-02-02","N/A",
"India","Reliance Jio Infocomm Limited","INDJT","405870","HRVCN_HUB","Live","2026-02-02","N/A",
"India","Reliance Jio Infocomm Limited","INDJU","405871","HRVCN_HUB","Live","2026-02-02","N/A",
"India","Reliance Jio Infocomm Limited","INDJV","405872","HRVCN_HUB","Live","2026-02-02","N/A",
"India","Reliance Jio Infocomm Limited","INDJW","405873","HRVCN_HUB","Live","2026-02-02","N/A",
"India","Reliance Jio Infocomm Limited","INDJX","405874","HRVCN_HUB","Live","2026-02-02","N/A",
"Indonesia","PT Telekomunikasi Selular","IDNTS","51010",,"Live","2016-03-29","Live","2025-05-27"
"International Waters","Telenor Maritime AS","NORMC","90112","TMHR Ship","Live","2019-09-19","Live","2025-05-23"
"International Waters","Wireless Maritime Services, LLC","BMU01","90118","HRVCN_HUB, TMHR Ship","Live","2023-10-01","N/A",
"Iran, Islamic Republic of","Irancell Telecommunications Services Company","IRNMI","43235",,"Live","2017-11-13","Live","2024-12-12"
"Iran, Islamic Republic of","Mobile Telecommunication Company of Iran","IRN11","43211",,"Live","2024-02-19","Live","2024-02-19"
"Iran, Islamic Republic of","Rightel Communication Services Company PJS","IRNTT","43220","HRVCN_HUB","Live","2018-05-23","N/A",
"Iraq","Asiacell Communications PJSC","IRQAC","41805",,"Live","2023-08-01","N/A",
"Ireland","3 Ireland","IRLH3","27205","TMHR EU regulated","Live","2020-02-12","Live","2022-09-15"
"Ireland","Eircom Limited","IRLME","27203","TMHR EU regulated","Live","2015-11-19","Live","2022-05-18"
"Israel","Cellcom Israel Ltd.","ISRCL","42502",,"Live","2025-08-10","Live","2025-08-10"
"Israel","Hot Mobile Ltd.","ISRMS","42507","HRVCN_HUB","Live","2017-09-25","Live","2024-10-21"
"Israel","Partner Communications Company Ltd.","ISR01","42501",,"Live","2016-04-04","N/A",
"Israel","Pelephone","ISRPL","42503",,"Live","2023-06-16","Live","2023-06-16"
"Italy","ILIAD Italia S.p.A.","ITAFM","22250","TMHR EU regulated","Live","2025-04-22","Live","2025-04-22"
"Italy","TIM S.p.A","ITASI","22201","TMHR EU regulated","Live","2015-05-12","Live","2022-04-04"
"Italy","Vodafone Italy-Fastweb S.p.A","ITAOM","22210","TMHR EU regulated","Live","2021-05-26","N/A",
"Italy","WINDTRE","ITAWI","22288","TMHR EU regulated","Live","2016-03-16","Live","2022-06-20"
"Jamaica","FLOW Jamaica","JAMCW","338180","HRVCN_HUB","Live","2016-10-24","N/A",
"Japan","NTT DOCOMO, Inc.","JPNDO","44010",,"Live","2017-01-27","Live","2023-09-25"
"Japan","SoftBank Corp.","JPNJP","44020",,"Live","2016-07-08","Live","2025-10-23"
"Jordan","Orange Jordan","JORMC","41677",,"Live","2017-06-05","N/A",
"Jordan","Umniah by Beyon","JORUM","41603",,"Live","2018-04-09","N/A",
"Jordan","Zain Jordan","JORFL","41601",,"Live","2024-01-24","Live","2024-02-29"
"Kazakhstan","Beeline Kazakhstan","KAZKT","40101",,"Live","2019-09-19","N/A",
"Kazakhstan","Kcell JSC","KAZKZ","40102",,"Live","2019-12-20","Live","2025-04-01"
"Kazakhstan","Tele2 Kazakhstan","KAZ77","40177","HRVCN_HUB","Live","2023-07-10","Live","2025-04-30"
"Kenya","Airtel Kenya","KENKC","63903","HRVCN_HUB","Live","2020-05-20","N/A",
"Kenya","Safaricom PLC","KENSA","63902",,"Live","2018-12-14","N/A",
"Kenya","Telkom Kenya","KENTK","63907","HRVCN_HUB","Live","2019-06-11","N/A",
"Korea, Republic of","KT Corporation","KORKF","45008",,"Live","2015-07-03","Live","2022-08-05"
"Korea, Republic of","SK Telecom Co., Ltd.","KORSK","45005",,"Live","2017-01-04","Live","2023-06-13"
"Kosovo (K00)","IPKO Telecommunications LLC","K0001","22102",,"Live","2019-06-01","N/A",
"Kosovo (K00)","Kosovo Telecom JSC","K00TK","22101",,"Live","2026-05-06","Live","2026-05-06"
"Kuwait","Ooredoo Kuwait","KWTNM","41903",,"Live","2016-09-29","Live","2022-04-08"
"Kuwait","stc Kuwait","KWTKT","41904","HRVCN_HUB","Live","2020-11-16","Live","2024-11-20"
"Kuwait","Zain Kuwait","KWTMT","41902","HRVCN_HUB","Live","2023-02-01","Live","2023-02-01"
"Kyrgyzstan","Mega","KGZMC","43705","HRVCN_HUB","Live","2024-03-11","N/A",
"Kyrgyzstan","Nur Telecom LLC","KGZNT","43709","HRVCN_HUB","Live","2025-03-24","N/A",
"Lao People’s Democratic Republic","Star Telecom Company Limited (STL)","LAOAS","45703","HRVCN_HUB","Live","2019-03-01","N/A",
"Latvia","Bite Latvija","LVABT","24705","HRVCN_HUB, TMHR EU regulated","Live","2021-04-13","Live","2023-08-31"
"Latvia","Latvijas Mobilais Telefons","LVALM","24701","TMHR EU regulated","Live","2018-07-23","Live","2022-07-15"
"Latvia","Tele2 SIA","LVABC","24702","TMHR EU regulated","Live","2021-03-25","Live","2023-10-03"
"Lebanon","Touch","LBNLC","41503",,"Live","2024-10-16","N/A",
"Lesotho","Econet Telecom Lesotho (Pty) Ltd (ETL)","LSOET","65102","HRVCN_HUB","Live","2024-11-01","N/A",
"Liberia","Orange Liberia","LBR07","61807",,"Live","2026-03-05","N/A",
"Libya","Al Madar Al Jadid","LBY01","60601",,"Live","2026-04-30","N/A",
"Liechtenstein","Telecom Liechtenstein AG","LIEMK","29505","TMHR EU regulated","Live","2020-03-18","Live","2023-05-31"
"Lithuania","Bite Lithuania","LTUMT","24602","TMHR EU regulated","Live","2019-09-26","Live","2023-08-31"
"Lithuania","Telia Lietuva AB","LTUOM","24601","TMHR EU regulated","Live","2016-02-19","Live","2022-10-06"
"Lithuania","UAB Tele2","LTU03","24603","TMHR EU regulated","Live","2021-04-23","Live","2024-02-05"
"Luxembourg","Orange Luxembourg","LUXVM","27099","TMHR EU regulated","Live","2017-05-15","Live","2023-06-01"
"Luxembourg","POST Luxembourg","LUXPT","27001","TMHR EU regulated","Live","2016-03-10","Live","2022-06-13"
"Luxembourg","Tango","LUXTG","27077","TMHR EU regulated","Live","2015-09-10","Live","2022-02-08"
"Macao, SAR China","CTM","MACCT","45501",,"Live","2016-10-21","Live","2023-12-13"
"Malaysia","Celcom Axiata Berhad","MYSCC","50219",,"Live","2019-09-16","Live","2023-03-31"
"Malaysia","Digi Telecommunications Sdn Bhd","MYSMT","50216",,"Live","2016-03-25","Live","2023-06-30"
"Malaysia","Maxis Broadband Sdn. Bhd.","MYSBC","50212",,"Live","2017-12-07","N/A",
"Malaysia","U Mobile Sdn. Bhd.","MYSMI","50218","HRVCN_HUB","Live","2018-08-01","Live","2024-03-14"
"Maldives","Dhivehi Raajjeyge Gulhun Public Limited Company","MDV01","47201","HRVCN_HUB","Live","2024-05-14","N/A",
"Maldives","Ooredoo Maldives Public Limited Company","MDVWM","47202",,"Live","2025-05-29","Live","2025-05-29"
"Mali","Orange Mali SA","MLI02","61002","HRVCN_HUB","Live","2018-09-27","N/A",
"Malta","Epic Malta","MLTMA","90119","TMHR Ship","Live","2024-06-28","Live","2025-08-11"
"Malta","Epic Malta","MLTTL","27801","TMHR EU regulated","Live","2023-04-19","Live","2023-04-19"
"Malta","GO p.l.c.","MLTGO","27821","TMHR EU regulated","Live","2018-10-10","Live","2022-10-11"
"Malta","Melita Ltd","MLTMM","27877","TMHR EU regulated","Live","2019-07-31","Live","2022-10-18"
"Mauritius","Emtel Ltd","MUSEM","61710",,"Live","2024-10-25","Live","2024-10-25"
"Mauritius","Mahanagar Telephone (Mauritius) Ltd.","MUSMT","61703",,"Live","2022-08-23","N/A",
"Mauritius","my.t","MUSCP","61701",,"Live","2025-11-05","Live","2025-11-05"
"Mexico","Altán Redes","MEXAL","334140","HRVCN_HUB","Live","2025-04-11","N/A",
"Mexico","AT&T Comercializacion Movil, S. de R.L. de C.V.","MEXIU","334050",,"Live","2024-10-23","N/A",
"Mexico","Movistar Mexico","MEXMS","334030",,"Live","2017-11-17","N/A",
"Mexico","Telcel","MEXTL","334020",,"Live","2025-08-12","N/A",
"Moldova, Republic of","Moldtelecom S.A.","MDAUN","25905","HRVCN_HUB","Live","2016-10-27","N/A",
"Moldova, Republic of","Orange Moldova","MDAVX","25901",,"Live","2018-06-12","Live","2025-05-22"
"Monaco","Monaco Telecom S.A.M.","MCOM2","21210","HRVCN_HUB","Live","2016-10-24","Live","2023-04-24"
"Montenegro","Crnogorski Telekom a.d. Podgorica","MNETM","29702",,"Live","2015-06-30","Live","2022-10-21"
"Montenegro","MTEL d.o.o. Podgorica","MNEMT","29703",,"Live","2017-07-31","Live","2025-05-26"
"Montenegro","One Montenegro","MNEPM","29701",,"Live","2017-12-08","Live","2023-04-25"
"Morocco","Orange Maroc","MARMT","60400",,"Live","2017-01-09","N/A",
"Nepal","Ncell","NPLM2","42902",,"Live","2024-06-21","N/A",
"Nepal","Nepal Telecom","NPLNM","42901",,"Live","2020-05-15","N/A",
"Netherlands","KPN B.V.","NLDPT","20408","TMHR EU regulated","Live","2015-05-27","Live","2022-05-12"
"Netherlands","Odido Netherlands B.V.","NLDPN","20416","TMHR EU regulated","Live","2015-08-31","Live","2022-04-14"
"Netherlands","Vodafone Netherlands","NLDLT","20404","TMHR EU regulated","Live","2021-05-26","N/A",
"Netherlands Antilles","Telcell N.V.","ANTTC","36251","HRVCN_HUB","Live","2020-08-04","N/A",
"Netherlands Antilles","UTS N.V.","ANTUT","36291","HRVCN_HUB","Live","2017-02-22","N/A",
"New Zealand","One NZ","NZLBS","53001",,"Live","2021-05-26","N/A",
"New Zealand","Spark New Zealand","NZLTM","53005",,"Live","2024-08-06","Live","2024-08-06"
"New Zealand","Two Degrees Networks Limited","NZLNH","53024",,"Live","2020-04-17","Live","2024-12-09"
"Nicaragua","EMPRESA NICARAGUENSE DE TELECOMUNICACIONES S.A.","NICEN","71021",,"Live","2025-08-08","N/A",
"Nicaragua","Tigo Nicaragua","NICMS","710300",,"Live","2025-04-30","N/A",
"Nigeria","Airtel Nigeria","NGAET","62120","HRVCN_HUB","Live","2024-01-08","N/A",
"Nigeria","Globacom Limited","NGAGM","62150","HRVCN_HUB","Live","2020-03-31","N/A",
"North Macedonia","A1 Makedonija DOOEL Skopje","MKDNO","29403",,"Live","2018-08-23","N/A",
"North Macedonia","Makedonski Telekom AD - Skopje","MKDMM","29401",,"Live","2018-02-12","Live","2023-07-17"
"Norway","Telenor Norway","NORTM","24201","TMHR EU regulated","Live","2015-04-30","Live","2023-05-30"
"Norway","Telia Norge AS","NORNC","24202","TMHR EU regulated","Live","2016-10-17","Live","2021-12-10"
"Oman","Omantel","OMNGT","42202",,"Live","2015-07-06","Live","2022-09-01"
"Oman","Ooredoo Oman","OMNNT","42203",,"Live","2017-06-19","Live","2025-01-21"
"Pakistan","ZONG","PAKPL","41004",,"Live","2019-11-21","N/A",
"Palau","Palau National Communications Corporation (PNCC)","PLWPC","55201","HRVCN_HUB","Live","2026-05-26","N/A",
"Panama","Cable & Wireless Panamá, S.A.","PANCW","71401","HRVCN_HUB","Live","2018-08-31","N/A",
"Panama","Tigo Panamá","PANMS","714020",,"Live","2016-09-23","N/A",
"Papua New Guinea","Telikom","PNGTM","53702","HRVCN_HUB","Live","2024-07-25","N/A",
"Paraguay","Núcleo S.A.","PRYNP","74405","HRVCN_HUB","Live","2023-11-24","N/A",
"Paraguay","Tigo Paraguay","PRYTC","74404","HRVCN_HUB","Live","2023-01-10","N/A",
"Peru","Claro Peru","PERTM","71610",,"Live","2019-03-29","Live","2023-09-13"
"Peru","Entel Peru","PERN3","71617","HRVCN_HUB","Live","2018-05-03","N/A",
"Peru","Integra Technologies Group","PERMO","71606",,"Live","2024-10-03","Live","2025-12-15"
"Philippines","Globe Telecom","PHLGT","51502",,"Live","2023-06-01","Live","2023-06-01"
"Philippines","Smart Philippines","PHLSR","51503","HRVCN_HUB","Live","2020-10-01","Live","2025-03-20"
"Poland","Orange Poland","POL03","26003","TMHR EU regulated","Live","2015-09-17","Live","2022-07-05"
"Poland","PLAY","POLP4","26006","TMHR EU regulated","Live","2016-07-15","Live","2022-06-06"
"Poland","Plus","POLKM","26001","TMHR EU regulated","Live","2017-10-19","Live","2022-09-01"
"Poland","T-Mobile Poland","POL02","26002","TMHR EU regulated","Live","2015-06-23","Live","2021-08-12"
"Portugal","MEO","PRTTM","26806","TMHR EU regulated","Live","2016-03-16","Live","2022-02-08"
"Portugal","NOS – Comunicações, S.A.","PRTOP","26803","TMHR EU regulated","Live","2015-12-30","Live","2022-01-21"
"Puerto Rico","Claro Puerto Rico","PRICL","330110",,"Live","2020-04-30","Live","2023-08-29"
"Puerto Rico","Liberty Mobile Puerto Rico Inc.","PRI01","313790","HRVCN_HUB","Live","2024-05-20","Live","2024-05-20"
"Qatar","Ooredoo Qatar","QATQT","42701",,"Live","2016-04-14","Live","2022-10-13"
"Qatar","Vodafone Qatar Q.S.C.","QATB1","42702",,"Live","2017-01-16","Live","2022-03-14"
"Romania","Digi Romania","ROM05","22605","TMHR EU regulated","Live","2024-03-08","Live","2024-03-08"
"Romania","Orange Romania","ROMMR","22610","TMHR EU regulated","Live","2015-06-05","Live","2022-05-31"
"Romania","Telekom Romania Mobile Communications S.A.","ROMCS","22603","TMHR EU regulated","Live","2016-03-24","Live","2023-11-10"
"Romania","Vodafone Romania","ROMMF","22601","TMHR EU regulated","Live","2021-06-16","N/A",
"Russian Federation","Beeline Russia","RUSBD","25099",,"Live","2016-07-06","N/A",
"Russian Federation","LETAI","RUS27","25027","HRVCN_HUB","Live","2017-08-16","N/A",
"Russian Federation","LLC Ekaterinburg-2000","RUSEC","25035","HRVCN_HUB","Live","2018-11-07","N/A",
"Russian Federation","MegaFon PJSC","RUSNW","25002",,"Live","2016-04-08","N/A",
"Russian Federation","PJSC Mobile TeleSystems (MTS)","RUS01","25001",,"Live","2016-02-29","N/A",
"Russian Federation","T2","RUST2","25020",,"Live","2019-12-09","Live","2026-03-09"
"Rwanda","Bharti Airtel Rwanda Holdings B.V.","RWATG","63513",,"Live","2020-03-16","N/A",
"Réunion","Orange La Reunion","REU02","64700","TMHR EU regulated","Live","2023-05-18","Live","2024-10-15"
"Saint Kitts and Nevis","FLOW St Kitts & Nevis","KNACW","356110","HRVCN_HUB","Live","2017-12-07","N/A",
"Saint Lucia","FLOW St. Lucia","LCACW","358110","HRVCN_HUB","Live","2017-12-07","N/A",
"Saudi Arabia","Mobily","SAUET","42003",,"Live","2016-01-20","Live","2023-05-23"
"Saudi Arabia","stc Group","SAUAJ","42001",,"Live","2016-05-26","N/A",
"Saudi Arabia","Zain Saudi Arabia","SAUZN","42004",,"Live","2021-02-08","Live","2022-09-01"
"Senegal","Orange Senegal","SENAZ","60801","HRVCN_HUB","Live","2024-04-02","N/A",
"Serbia","A1 Serbia","SRBNO","22005",,"Live","2020-10-21","N/A",
"Serbia","Telekom Srbija a.d.","YUGTS","22003",,"Live","2016-12-01","Live","2025-12-23"
"Serbia","Yettel Serbia","YUGMT","22001",,"Live","2016-08-04","Live","2026-03-30"
"Sierra Leone","Africell Sierra Leone","SLEAC","61905","HRVCN_HUB","Live","2019-08-26","N/A",
"Singapore","M1","SGPM1","52503",,"Live","2016-07-14","N/A",
"Singapore","SIMBA","SGPT1","52510",,"Live","2026-03-17","Live","2026-03-24"
"Singapore","Singtel Mobile Singapore PTE. LTD.","SGPST","52501",,"Live","2018-01-25","Live","2022-12-13"
"Singapore","StarHub Mobile Pte Ltd","SGPSH","52505",,"Live","2017-10-25","Live","2022-05-10"
"Slovakia","O2 Slovakia","SVKO2","23106","TMHR EU regulated","Live","2020-08-28","Live","2024-02-29"
"Slovakia","Orange Slovakia","SVKGT","23101","TMHR EU regulated","Live","2023-02-22","Live","2023-02-22"
"Slovakia","Slovak Telekom, a.s.","SVKET","23102","TMHR EU regulated","Live","2015-12-14","Live","2022-02-10"
"Slovenia","A1 Slovenija, d.d.","SVNSM","29340","TMHR EU regulated","Live","2015-05-29","Live","2022-05-12"
"Slovenia","Telekom Slovenije d.d.","SVNMT","29341","TMHR EU regulated","Live","2015-03-30","Live","2022-02-04"
"Slovenia","Telemach Slovenija d.o.o.","SVNVG","29370","TMHR EU regulated","Live","2017-06-05","Live","2022-01-12"
"South Africa","Cell C","ZAFCC","65507",,"Live","2019-10-14","N/A",
"South Africa","MTN South Africa","ZAFMN","65510",,"Live","2019-09-10","Live","2025-08-12"
"South Africa","Vodacom (Pty) Ltd.","ZAFVC","65501",,"Live","2020-02-27","N/A",
"Spain","Orange Spain","ESPRT","21403","TMHR EU regulated","Live","2015-06-23","Live","2022-05-17"
"Spain","Telefónica Móviles España","ESPTE","21407","TMHR EU regulated","Live","2016-09-19","Live","2022-11-24"
"Spain","Vodafone Spain","ESPAT","21401","TMHR EU regulated","Live","2021-05-26","N/A",
"Spain","Xfera Móviles, S.A.U.","ESPXF","21404","TMHR EU regulated","Live","2015-12-10","N/A",
"Sri Lanka","Hutch Sri Lanka","LKAHT","41308","HRVCN_HUB","Live","2021-09-03","N/A",
"Sri Lanka","Mobitel (Pvt) Limited","LKA71","41301","HRVCN_HUB","Live","2017-12-01","N/A",
"Sudan (The Republic of)","MTN Sudan","SDNBT","63402",,"Live","2019-10-28","N/A",
"Suriname","Digicel Suriname N.V.","SURDC","74603",,"Live","2026-05-12","N/A",
"Sweden","3 Sweden","SWEHU","24002","TMHR EU regulated","Live","2018-07-13","Live","2024-02-20"
"Sweden","Tele2 AB","SWEIQ","24007","TMHR EU regulated","Live","2021-03-25","Live","2023-10-03"
"Sweden","Telenor Sweden","SWEEP","24008","TMHR EU regulated","Live","2015-10-08","Live","2023-05-30"
"Sweden","Telia Company AB","SWETR","24001","TMHR EU regulated","Live","2015-06-11","Live","2021-12-10"
"Switzerland","Salt Switzerland","CHEOR","22803",,"Live","2017-05-24","Live","2022-09-15"
"Switzerland","Sunrise LLC","CHEDX","22802",,"Live","2019-05-31","Live","2022-09-01"
"Switzerland","Swisscom (Switzerland) Ltd","CHEC1","22801",,"Live","2015-05-20","Live","2022-07-15"
"Taiwan, Province of China","Chunghwa Telecom","TWNLD","46692",,"Live","2015-09-10","Live","2022-12-08"
"Taiwan, Province of China","Far EasTone Telecommunications Co Ltd (TWNFE)","TWNFE","46601",,"Live","2015-11-18","Live","2022-08-01"
"Tajikistan","Indigo Tajikistan CJSC","TJKIT","43602","HRVCN_HUB","Live","2024-09-05","N/A",
"Tanzania, United Republic of","Airtel Tanzania","TZACT","64005",,"Live","2021-02-15","Live","2025-03-13"
"Tanzania, United Republic of","Vodacom Tanzania Limited","TZAVC","64004",,"Live","2025-09-17","Live","2025-12-05"
"Thailand","Advanced Wireless Network Company Limited","THAWN","52003",,"Live","2017-08-25","Live","2023-02-14"
"Thailand","True Move H Universal Communication Co., Ltd","THACA","52004",,"Live","2025-08-14","Live","2025-08-14"
"Thailand","True Move H Universal Communication Co., Ltd","THADT","52005","HRVCN_HUB","Live","2016-08-16","Live","2023-10-05"
"Togo","Moov Africa Togo","TGOTL","61503","HRVCN_HUB","Live","2026-04-01","N/A",
"Tonga","Tonga Communications Corporation","TON01","53901","HRVCN_HUB","Live","2020-12-09","N/A",
"Tunisia","Ooredoo Tunisie SA","TUNTA","60503",,"Live","2017-09-14","Live","2025-02-14"
"Tunisia","Orange Tunisie, SA","TUNOR","60501","HRVCN_HUB","Live","2017-06-26","Live","2025-05-14"
"Tunisia","Tunisie Telecom","TUNTT","60502",,"Live","2024-08-25","Live","2025-08-05"
"Turks and Caicos Islands","FLOW Turks and Caicos","TCACW","376350","HRVCN_HUB","Live","2016-10-24","N/A",
"Türkiye","TT Mobil Iletisim Hizmetleri A.S.","TURIS","28603",,"Live","2019-10-01","Live","2022-07-29"
"Türkiye","Turkcell Iletisim Hizmetleri A.S.","TURTC","28601",,"Live","2016-04-20","N/A",
"Türkiye","Vodafone Turkey","TURTS","28602",,"Live","2021-05-26","N/A",
"Ukraine","Kyivstar, Private Joint Stock Company","UKRKS","25503",,"Live","2022-07-29","Live","2025-07-29"
"Ukraine","lifecell LLC","UKRAS","25506",,"Live","2023-02-23","N/A",
"Ukraine","PrJSC VF Ukraine","UKRUM","25501",,"Live","2018-11-26","N/A",
"United Arab Emirates","du","AREDU","42403",,"Live","2016-11-24","Live","2022-09-14"
"United Arab Emirates","Etisalat United Arab Emirates","ARETC","42402",,"Live","2015-07-06","Live","2021-12-10"
"United Kingdom","3 United Kingdom","GBRHU","23420",,"Live","2017-01-24","Live","2024-08-06"
"United Kingdom","EE Limited","GBRME","23430",,"Live","2015-05-07","Live","2023-01-24"
"United Kingdom","JT","GBRJT","23450",,"Live","2019-07-22","Live","2024-10-09"
"United Kingdom","Sure Guernsey","GBRGT","23455",,"Live","2024-03-21","N/A",
"United Kingdom","Virgin Media O2","GBRCN","23410",,"Live","2018-07-04","Live","2022-07-01"
"United Kingdom","Vodafone United Kingdom","GBRVF","23415",,"Live","2021-04-07","N/A",
"United States","AT&T Mobility","USACG","310410",,"Live","2015-10-30","N/A",
"United States","Cellular One","USASB","310320","HRVCN_HUB","Live","2018-03-01","N/A",
"United States","Limitless Mobile, LLC","USACW","310690","HRVCN_HUB","Live","2025-11-25","N/A",
"United States","T-Mobile United States","USAW6","310260",,"Live","2016-05-05","Live","2024-03-28"
"United States","The Alaska Wireless Network, LLC","USAGC","311370","HRVCN_HUB","Live","2023-07-03","N/A",
"United States","Union Telephone Company","USAUN","310020","HRVCN_HUB","Live","2023-11-16","N/A",
"United States","Viaero Wireless","USACI","310450",,"Live","2019-04-01","Live","2025-05-27"
"Uruguay","Antel","URYAN","74801",,"Live","2018-12-10","Live","2025-05-28"
"Uzbekistan","Beeline Uzbekistan","UZBDU","43404",,"Live","2022-08-01","Live","2025-09-25"
"Uzbekistan","Ucell","UZB05","43405",,"Live","2024-08-10","Live","2024-08-10"
"Uzbekistan","Uztelecom","UZB00","43408","HRVCN_HUB","Live","2021-04-15","N/A",
"Venezuela, Bolivarian Republic of","Corporacion Digitel C.A.","VEND2","73402",,"Live","2024-02-14","N/A",
"Vietnam","MobiFone","VNMMO","45201",,"Live","2018-12-06","N/A",
"Vietnam","Viettel Group","VNMVT","45204",,"Live","2023-04-14","Live","2023-12-01"
"Vietnam","Vinaphone","VNMVI","45202",,"Live","2025-12-05","N/A",
