Provider,ProviderCountry,ISO,Country,URL,Plan,GB,Days,Price,Currency,SpecialOffer,OfferPonder,PriceDate,ISO3,variant_id,name,eur_price,usd_price
vodafone,AFGHANISTAN,AF,Afghanistan,,Standard,2,7,18.00,USD,N,1.0,2026-07-07,AFG,,2 GB 7 Days (AFGHANISTAN),10.00,18.00
vodafone,AFGHANISTAN,AF,Afghanistan,,Standard,3,7,14.50,USD,N,1.0,2026-07-07,AFG,,3 GB 7 Days (AFGHANISTAN),12.00,14.50
vodafone,AFGHANISTAN,AF,Afghanistan,,Standard,5,15,21.50,USD,N,1.0,2026-07-07,AFG,,5 GB 15 Days (AFGHANISTAN),18.00,21.50
vodafone,AFGHANISTAN,AF,Afghanistan,,Standard,15,30,47.00,USD,N,1.0,2026-07-07,AFG,,15 GB 30 Days (AFGHANISTAN),40.00,47.00
vodafone,ALBANIA,AL,Albania,,Standard,5,7,12.00,USD,N,1.0,2026-07-07,ALB,,5 GB 7 Days (ALBANIA),10.00,12.00
vodafone,ALBANIA,AL,Albania,,Standard,10,10,21.50,USD,N,1.0,2026-07-07,ALB,,10 GB 10 Days (ALBANIA),18.00,21.50
vodafone,ALBANIA,AL,Albania,,Standard,20,30,34.00,USD,N,1.0,2026-07-07,ALB,,20 GB 30 Days (ALBANIA),29.00,34.00
vodafone,ALBANIA,AL,Albania,,Standard,50,30,37.50,USD,N,1.0,2026-07-07,ALB,,50 GB 30 Days (ALBANIA),32.00,37.50
vodafone,ALBANIA,AL,Albania,,Unlimited,UNL,15,43.50,USD,N,1.0,2026-07-07,ALB,,UNL GB 15 Days (ALBANIA),37.00,43.50
vodafone,ALGERIA,DZ,Algeria,,Standard,5,10,12.00,USD,N,1.0,2026-07-07,DZA,,5 GB 10 Days (ALGERIA),10.00,12.00
vodafone,ALGERIA,DZ,Algeria,,Standard,10,30,19.50,USD,N,1.0,2026-07-07,DZA,,10 GB 30 Days (ALGERIA),16.50,19.50
vodafone,ALGERIA,DZ,Algeria,,Standard,20,30,36.50,USD,N,1.0,2026-07-07,DZA,,20 GB 30 Days (ALGERIA),31.00,36.50
vodafone,ANDORRA,AD,Andorra,,Standard,5,7,13.00,USD,N,1.0,2026-07-07,AND,,5 GB 7 Days (ANDORRA),11.00,13.00
vodafone,ANDORRA,AD,Andorra,,Standard,10,10,22.50,USD,N,1.0,2026-07-07,AND,,10 GB 10 Days (ANDORRA),19.00,22.50
vodafone,ANDORRA,AD,Andorra,,Standard,20,30,35.50,USD,N,1.0,2026-07-07,AND,,20 GB 30 Days (ANDORRA),30.00,35.50
vodafone,ANDORRA,AD,Andorra,,Standard,50,30,46.00,USD,N,1.0,2026-07-07,AND,,50 GB 30 Days (ANDORRA),39.00,46.00
vodafone,ANGUILLA,AI,Anguilla,,Standard,2,7,13.00,USD,N,1.0,2026-07-07,AIA,,2 GB 7 Days (ANGUILLA),11.00,13.00
vodafone,ANGUILLA,AI,Anguilla,,Standard,3,10,18.00,USD,N,1.0,2026-07-07,AIA,,3 GB 10 Days (ANGUILLA),15.00,18.00
vodafone,ANGUILLA,AI,Anguilla,,Standard,5,15,29.50,USD,N,1.0,2026-07-07,AIA,,5 GB 15 Days (ANGUILLA),25.00,29.50
vodafone,ANTIGUA AND BARBUDA,AG,Antigua and Barbuda,,Standard,2,7,13.00,USD,N,1.0,2026-07-07,ATG,,2 GB 7 Days (ANTIGUA AND BARBUDA),11.00,13.00
vodafone,ANTIGUA AND BARBUDA,AG,Antigua and Barbuda,,Standard,3,10,18.00,USD,N,1.0,2026-07-07,ATG,,3 GB 10 Days (ANTIGUA AND BARBUDA),15.00,18.00
vodafone,ANTIGUA AND BARBUDA,AG,Antigua and Barbuda,,Standard,5,15,29.50,USD,N,1.0,2026-07-07,ATG,,5 GB 15 Days (ANTIGUA AND BARBUDA),25.00,29.50
vodafone,ARGENTINA,AR,Argentina,,Standard,3,7,12.00,USD,N,1.0,2026-07-07,ARG,,3 GB 7 Days (ARGENTINA),10.00,12.00
vodafone,ARGENTINA,AR,Argentina,,Standard,5,15,15.50,USD,N,1.0,2026-07-07,ARG,,5 GB 15 Days (ARGENTINA),13.00,15.50
vodafone,ARGENTINA,AR,Argentina,,Standard,10,30,28.50,USD,N,1.0,2026-07-07,ARG,,10 GB 30 Days (ARGENTINA),24.00,28.50
vodafone,ARGENTINA,AR,Argentina,,Standard,20,30,46.00,USD,N,1.0,2026-07-07,ARG,,20 GB 30 Days (ARGENTINA),39.00,46.00
vodafone,ARGENTINA,AR,Argentina,,Unlimited,UNL,15,60.00,USD,N,1.0,2026-07-07,ARG,,UNL GB 15 Days (ARGENTINA),51.00,60.00
vodafone,ARMENIA,AM,Armenia,,Standard,2,7,13.00,USD,N,1.0,2026-07-07,ARM,,2 GB 7 Days (ARMENIA),11.00,13.00
vodafone,ARMENIA,AM,Armenia,,Standard,3,15,20.00,USD,N,1.0,2026-07-07,ARM,,3 GB 15 Days (ARMENIA),17.00,20.00
vodafone,ARMENIA,AM,Armenia,,Standard,10,30,42.50,USD,N,1.0,2026-07-07,ARM,,10 GB 30 Days (ARMENIA),36.00,42.50
vodafone,AUSTRALIA,AU,Australia,,Standard,5,15,12.00,USD,N,1.0,2026-07-07,AUS,,5 GB 15 Days (AUSTRALIA),10.00,12.00
vodafone,AUSTRALIA,AU,Australia,,Standard,10,30,18.00,USD,N,1.0,2026-07-07,AUS,,10 GB 30 Days (AUSTRALIA),15.00,18.00
vodafone,AUSTRALIA,AU,Australia,,Standard,20,30,30.00,USD,N,1.0,2026-07-07,AUS,,20 GB 30 Days (AUSTRALIA),25.50,30.00
vodafone,AUSTRIA,AT,Austria,,Standard,10,15,12.00,USD,N,1.0,2026-07-07,AUT,,10 GB 15 Days (AUSTRIA),10.00,12.00
vodafone,AUSTRIA,AT,Austria,,Standard,20,30,15.00,USD,N,1.0,2026-07-07,AUT,,20 GB 30 Days (AUSTRIA),12.50,15.00
vodafone,AUSTRIA,AT,Austria,,Standard,50,30,29.50,USD,N,1.0,2026-07-07,AUT,,50 GB 30 Days (AUSTRIA),25.00,29.50
vodafone,AZERBAIJAN,AZ,Azerbaijan,,Standard,2,7,13.00,USD,N,1.0,2026-07-07,AZE,,2 GB 7 Days (AZERBAIJAN),11.00,13.00
vodafone,AZERBAIJAN,AZ,Azerbaijan,,Standard,3,15,15.00,USD,N,1.0,2026-07-07,AZE,,3 GB 15 Days (AZERBAIJAN),12.50,15.00
vodafone,AZERBAIJAN,AZ,Azerbaijan,,Standard,10,30,40.00,USD,N,1.0,2026-07-07,AZE,,10 GB 30 Days (AZERBAIJAN),34.00,40.00
vodafone,BAHAMAS,BS,Bahamas,,Standard,3,7,18.00,USD,N,1.0,2026-07-07,BHS,,3 GB 7 Days (BAHAMAS),15.00,18.00
vodafone,BAHAMAS,BS,Bahamas,,Standard,5,15,27.00,USD,N,1.0,2026-07-07,BHS,,5 GB 15 Days (BAHAMAS),23.00,27.00
vodafone,BAHRAIN,BH,Bahrain,,Standard,2,7,14.50,USD,N,1.0,2026-07-07,BHR,,2 GB 7 Days (BAHRAIN),12.00,14.50
vodafone,BAHRAIN,BH,Bahrain,,Standard,3,15,19.00,USD,N,1.0,2026-07-07,BHR,,3 GB 15 Days (BAHRAIN),16.00,19.00
vodafone,BAHRAIN,BH,Bahrain,,Standard,10,30,46.00,USD,N,1.0,2026-07-07,BHR,,10 GB 30 Days (BAHRAIN),39.00,46.00
vodafone,BARBADOS,BB,Barbados,,Standard,2,7,13.00,USD,N,1.0,2026-07-07,BRB,,2 GB 7 Days (BARBADOS),11.00,13.00
vodafone,BARBADOS,BB,Barbados,,Standard,3,15,19.00,USD,N,1.0,2026-07-07,BRB,,3 GB 15 Days (BARBADOS),16.00,19.00
vodafone,BARBADOS,BB,Barbados,,Standard,5,30,28.50,USD,N,1.0,2026-07-07,BRB,,5 GB 30 Days (BARBADOS),24.00,28.50
vodafone,BELARUS,BY,Belarus,,Standard,2,7,36.50,USD,N,1.0,2026-07-07,BLR,,2 GB 7 Days (BELARUS),31.00,36.50
vodafone,BELARUS,BY,Belarus,,Standard,3,15,53.00,USD,N,1.0,2026-07-07,BLR,,3 GB 15 Days (BELARUS),45.00,53.00
vodafone,BELARUS,BY,Belarus,,Standard,10,30,123.00,USD,N,1.0,2026-07-07,BLR,,10 GB 30 Days (BELARUS),105.00,123.00
vodafone,BELGIUM,BE,Belgium,,Standard,5,7,11.00,USD,N,1.0,2026-07-07,BEL,,5 GB 7 Days (BELGIUM),9.00,11.00
vodafone,BELGIUM,BE,Belgium,,Standard,10,10,12.00,USD,N,1.0,2026-07-07,BEL,,10 GB 10 Days (BELGIUM),10.00,12.00
vodafone,BELGIUM,BE,Belgium,,Standard,20,30,18.00,USD,N,1.0,2026-07-07,BEL,,20 GB 30 Days (BELGIUM),15.00,18.00
vodafone,BELGIUM,BE,Belgium,,Standard,50,30,32.00,USD,N,1.0,2026-07-07,BEL,,50 GB 30 Days (BELGIUM),27.00,32.00
vodafone,BELIZE,BZ,Belize,,Standard,1,7,18.00,USD,N,1.0,2026-07-07,BLZ,,1 GB 7 Days (BELIZE),15.00,18.00
vodafone,BELIZE,BZ,Belize,,Standard,3,15,42.50,USD,N,1.0,2026-07-07,BLZ,,3 GB 15 Days (BELIZE),36.00,42.50
vodafone,BELIZE,BZ,Belize,,Standard,10,30,104.50,USD,N,1.0,2026-07-07,BLZ,,10 GB 30 Days (BELIZE),89.00,104.50
vodafone,BERMUDA,BM,Bermuda,,Standard,2,7,15.50,USD,N,1.0,2026-07-07,BMU,,2 GB 7 Days (BERMUDA),13.00,15.50
vodafone,BERMUDA,BM,Bermuda,,Standard,3,15,20.00,USD,N,1.0,2026-07-07,BMU,,3 GB 15 Days (BERMUDA),17.00,20.00
vodafone,BERMUDA,BM,Bermuda,,Standard,5,30,32.00,USD,N,1.0,2026-07-07,BMU,,5 GB 30 Days (BERMUDA),27.00,32.00
vodafone,BOSNIA AND HERZEGOVINA,BA,Bosnia and Herzegovina,,Standard,3,7,8.50,USD,N,1.0,2026-07-07,BIH,,3 GB 7 Days (BOSNIA AND HERZEGOVINA),7.00,8.50
vodafone,BOSNIA AND HERZEGOVINA,BA,Bosnia and Herzegovina,,Standard,5,15,12.00,USD,N,1.0,2026-07-07,BIH,,5 GB 15 Days (BOSNIA AND HERZEGOVINA),10.00,12.00
vodafone,BOSNIA AND HERZEGOVINA,BA,Bosnia and Herzegovina,,Standard,10,30,19.00,USD,N,1.0,2026-07-07,BIH,,10 GB 30 Days (BOSNIA AND HERZEGOVINA),16.00,19.00
vodafone,BOSNIA AND HERZEGOVINA,BA,Bosnia and Herzegovina,,Standard,20,30,29.50,USD,N,1.0,2026-07-07,BIH,,20 GB 30 Days (BOSNIA AND HERZEGOVINA),25.00,29.50
vodafone,BOTSWANA,BW,Botswana,,Standard,2,7,20.00,USD,N,1.0,2026-07-07,BWA,,2 GB 7 Days (BOTSWANA),17.00,20.00
vodafone,BOTSWANA,BW,Botswana,,Standard,3,15,27.00,USD,N,1.0,2026-07-07,BWA,,3 GB 15 Days (BOTSWANA),23.00,27.00
vodafone,BOTSWANA,BW,Botswana,,Standard,5,30,44.50,USD,N,1.0,2026-07-07,BWA,,5 GB 30 Days (BOTSWANA),38.00,44.50
vodafone,BR VIRGIN ISLANDS,VG,"Virgin Islands, British",,Standard,3,15,19.00,USD,N,1.0,2026-07-07,VGB,,3 GB 15 Days (BR VIRGIN ISLANDS),16.00,19.00
vodafone,BRAZIL,BR,Brazil,,Standard,3,7,12.00,USD,N,1.0,2026-07-07,BRA,,3 GB 7 Days (BRAZIL),10.00,12.00
vodafone,BRAZIL,BR,Brazil,,Standard,5,15,13.00,USD,N,1.0,2026-07-07,BRA,,5 GB 15 Days (BRAZIL),11.00,13.00
vodafone,BRAZIL,BR,Brazil,,Standard,10,30,21.50,USD,N,1.0,2026-07-07,BRA,,10 GB 30 Days (BRAZIL),18.00,21.50
vodafone,BRAZIL,BR,Brazil,,Standard,20,30,35.50,USD,N,1.0,2026-07-07,BRA,,20 GB 30 Days (BRAZIL),30.00,35.50
vodafone,BRAZIL,BR,Brazil,,Unlimited,UNL,15,57.50,USD,N,1.0,2026-07-07,BRA,,UNL GB 15 Days (BRAZIL),49.00,57.50
vodafone,BULGARIA,BG,Bulgaria,,Standard,30,30,22.50,USD,N,1.0,2026-07-07,BGR,,30 GB 30 Days (BULGARIA),19.00,22.50
vodafone,BULGARIA,BG,Bulgaria,,Standard,50,30,34.00,USD,N,1.0,2026-07-07,BGR,,50 GB 30 Days (BULGARIA),29.00,34.00
vodafone,CAMBODIA,KH,Cambodia,,Standard,5,10,12.00,USD,N,1.0,2026-07-07,KHM,,5 GB 10 Days (CAMBODIA),10.00,12.00
vodafone,CAMBODIA,KH,Cambodia,,Standard,10,30,19.00,USD,N,1.0,2026-07-07,KHM,,10 GB 30 Days (CAMBODIA),16.00,19.00
vodafone,CAMBODIA,KH,Cambodia,,Standard,20,30,30.50,USD,N,1.0,2026-07-07,KHM,,20 GB 30 Days (CAMBODIA),26.00,30.50
vodafone,CANADA,CA,Canada,,Standard,3,7,12.00,USD,N,1.0,2026-07-07,CAN,,3 GB 7 Days (CANADA),10.00,12.00
vodafone,CANADA,CA,Canada,,Standard,5,15,13.00,USD,N,1.0,2026-07-07,CAN,,5 GB 15 Days (CANADA),11.00,13.00
vodafone,CANADA,CA,Canada,,Standard,10,30,18.00,USD,N,1.0,2026-07-07,CAN,,10 GB 30 Days (CANADA),15.00,18.00
vodafone,CANADA,CA,Canada,,Standard,20,30,32.00,USD,N,1.0,2026-07-07,CAN,,20 GB 30 Days (CANADA),27.00,32.00
vodafone,CANADA,CA,Canada,,Unlimited,UNL,15,34.00,USD,N,1.0,2026-07-07,CAN,,UNL GB 15 Days (CANADA),29.00,34.00
vodafone,CAPE VERDE,CV,Cabo Verde,,Standard,1,7,16.00,USD,N,1.0,2026-07-07,CPV,,1 GB 7 Days (CAPE VERDE),13.50,16.00
vodafone,CAYMAN ISLAND,KY,Cayman Islands,,Standard,2,7,15.50,USD,N,1.0,2026-07-07,CYM,,2 GB 7 Days (CAYMAN ISLAND),13.00,15.50
vodafone,CAYMAN ISLAND,KY,Cayman Islands,,Standard,3,7,22.50,USD,N,1.0,2026-07-07,CYM,,3 GB 7 Days (CAYMAN ISLAND),19.00,22.50
vodafone,CAYMAN ISLAND,KY,Cayman Islands,,Standard,5,10,32.00,USD,N,1.0,2026-07-07,CYM,,5 GB 10 Days (CAYMAN ISLAND),27.00,32.00
vodafone,CAYMAN ISLAND,KY,Cayman Islands,,Standard,10,30,36.50,USD,N,1.0,2026-07-07,CYM,,10 GB 30 Days (CAYMAN ISLAND),31.00,36.50
vodafone,CHAD,TD,Chad,,Standard,3,7,12.00,USD,N,1.0,2026-07-07,TCD,,3 GB 7 Days (CHAD),10.00,12.00
vodafone,CHAD,TD,Chad,,Standard,5,10,22.50,USD,N,1.0,2026-07-07,TCD,,5 GB 10 Days (CHAD),19.00,22.50
vodafone,CHAD,TD,Chad,,Standard,15,30,48.00,USD,N,1.0,2026-07-07,TCD,,15 GB 30 Days (CHAD),41.00,48.00
vodafone,CHILE,CL,Chile,,Standard,5,7,12.00,USD,N,1.0,2026-07-07,CHL,,5 GB 7 Days (CHILE),10.00,12.00
vodafone,CHILE,CL,Chile,,Standard,10,15,20.00,USD,N,1.0,2026-07-07,CHL,,10 GB 15 Days (CHILE),17.00,20.00
vodafone,CHILE,CL,Chile,,Standard,20,30,36.50,USD,N,1.0,2026-07-07,CHL,,20 GB 30 Days (CHILE),31.00,36.50
vodafone,CHINA,CN,China,,Standard,3,15,12.00,USD,N,1.0,2026-07-07,CHN,,3 GB 15 Days (CHINA),10.00,12.00
vodafone,CHINA,CN,China,,Standard,5,30,14.50,USD,N,1.0,2026-07-07,CHN,,5 GB 30 Days (CHINA),12.00,14.50
vodafone,CHINA,CN,China,,Standard,10,30,25.00,USD,N,1.0,2026-07-07,CHN,,10 GB 30 Days (CHINA),21.00,25.00
vodafone,COLOMBIA,CO,Colombia,,Standard,3,7,12.00,USD,N,1.0,2026-07-07,COL,,3 GB 7 Days (COLOMBIA),10.00,12.00
vodafone,COLOMBIA,CO,Colombia,,Standard,5,10,14.50,USD,N,1.0,2026-07-07,COL,,5 GB 10 Days (COLOMBIA),12.00,14.50
vodafone,COLOMBIA,CO,Colombia,,Standard,10,15,25.00,USD,N,1.0,2026-07-07,COL,,10 GB 15 Days (COLOMBIA),21.00,25.00
vodafone,COLOMBIA,CO,Colombia,,Standard,20,30,40.00,USD,N,1.0,2026-07-07,COL,,20 GB 30 Days (COLOMBIA),34.00,40.00
vodafone,COLOMBIA,CO,Colombia,,Unlimited,UNL,15,49.50,USD,N,1.0,2026-07-07,COL,,UNL GB 15 Days (COLOMBIA),42.00,49.50
vodafone,CONGO THE DEMOCRATIC REPUBLIC,CD,"Congo, The Democratic Republic of the",,Standard,2,7,12.00,USD,N,1.0,2026-07-07,COD,,2 GB 7 Days (CONGO THE DEMOCRATIC REPUBLIC),10.00,12.00
vodafone,CONGO THE DEMOCRATIC REPUBLIC,CD,"Congo, The Democratic Republic of the",,Standard,3,10,14.50,USD,N,1.0,2026-07-07,COD,,3 GB 10 Days (CONGO THE DEMOCRATIC REPUBLIC),12.00,14.50
vodafone,CONGO THE DEMOCRATIC REPUBLIC,CD,"Congo, The Democratic Republic of the",,Standard,5,15,21.50,USD,N,1.0,2026-07-07,COD,,5 GB 15 Days (CONGO THE DEMOCRATIC REPUBLIC),18.00,21.50
vodafone,CONGO THE DEMOCRATIC REPUBLIC,CD,"Congo, The Democratic Republic of the",,Standard,10,30,34.00,USD,N,1.0,2026-07-07,COD,,10 GB 30 Days (CONGO THE DEMOCRATIC REPUBLIC),29.00,34.00
vodafone,COSTA RICA,CR,Costa Rica,,Standard,3,7,13.00,USD,N,1.0,2026-07-07,CRI,,3 GB 7 Days (COSTA RICA),11.00,13.00
vodafone,COSTA RICA,CR,Costa Rica,,Standard,5,10,21.50,USD,N,1.0,2026-07-07,CRI,,5 GB 10 Days (COSTA RICA),18.00,21.50
vodafone,COSTA RICA,CR,Costa Rica,,Standard,10,15,29.50,USD,N,1.0,2026-07-07,CRI,,10 GB 15 Days (COSTA RICA),25.00,29.50
vodafone,COSTA RICA,CR,Costa Rica,,Standard,20,30,36.50,USD,N,1.0,2026-07-07,CRI,,20 GB 30 Days (COSTA RICA),31.00,36.50
vodafone,CROATIA,HR,Croatia,,Standard,5,7,12.00,USD,N,1.0,2026-07-07,HRV,,5 GB 7 Days (CROATIA),10.00,12.00
vodafone,CROATIA,HR,Croatia,,Standard,10,15,14.50,USD,N,1.0,2026-07-07,HRV,,10 GB 15 Days (CROATIA),12.00,14.50
vodafone,CROATIA,HR,Croatia,,Standard,20,30,22.50,USD,N,1.0,2026-07-07,HRV,,20 GB 30 Days (CROATIA),19.00,22.50
vodafone,CROATIA,HR,Croatia,,Standard,50,30,34.00,USD,N,1.0,2026-07-07,HRV,,50 GB 30 Days (CROATIA),29.00,34.00
vodafone,CYPRUS,CY,Cyprus,,Standard,5,10,12.00,USD,N,1.0,2026-07-07,CYP,,5 GB 10 Days (CYPRUS),10.00,12.00
vodafone,CYPRUS,CY,Cyprus,,Standard,10,15,14.50,USD,N,1.0,2026-07-07,CYP,,10 GB 15 Days (CYPRUS),12.00,14.50
vodafone,CYPRUS,CY,Cyprus,,Standard,20,30,18.00,USD,N,1.0,2026-07-07,CYP,,20 GB 30 Days (CYPRUS),15.00,18.00
vodafone,CYPRUS,CY,Cyprus,,Standard,50,30,34.00,USD,N,1.0,2026-07-07,CYP,,50 GB 30 Days (CYPRUS),29.00,34.00
vodafone,CZECH REPUBLIC,CZ,Czechia,,Standard,5,10,12.00,USD,N,1.0,2026-07-07,CZE,,5 GB 10 Days (CZECH REPUBLIC),10.00,12.00
vodafone,CZECH REPUBLIC,CZ,Czechia,,Standard,10,15,13.00,USD,N,1.0,2026-07-07,CZE,,10 GB 15 Days (CZECH REPUBLIC),11.00,13.00
vodafone,CZECH REPUBLIC,CZ,Czechia,,Standard,20,30,20.00,USD,N,1.0,2026-07-07,CZE,,20 GB 30 Days (CZECH REPUBLIC),17.00,20.00
vodafone,CZECH REPUBLIC,CZ,Czechia,,Standard,50,30,32.00,USD,N,1.0,2026-07-07,CZE,,50 GB 30 Days (CZECH REPUBLIC),27.00,32.00
vodafone,DENMARK,DK,Denmark,,Standard,5,10,12.00,USD,N,1.0,2026-07-07,DNK,,5 GB 10 Days (DENMARK),10.00,12.00
vodafone,DENMARK,DK,Denmark,,Standard,10,15,16.50,USD,N,1.0,2026-07-07,DNK,,10 GB 15 Days (DENMARK),14.00,16.50
vodafone,DENMARK,DK,Denmark,,Standard,20,30,25.00,USD,N,1.0,2026-07-07,DNK,,20 GB 30 Days (DENMARK),21.00,25.00
vodafone,DENMARK,DK,Denmark,,Standard,50,30,34.00,USD,N,1.0,2026-07-07,DNK,,50 GB 30 Days (DENMARK),29.00,34.00
vodafone,ECUADOR,EC,Ecuador,,Standard,3,7,13.00,USD,N,1.0,2026-07-07,ECU,,3 GB 7 Days (ECUADOR),11.00,13.00
vodafone,ECUADOR,EC,Ecuador,,Standard,5,10,19.00,USD,N,1.0,2026-07-07,ECU,,5 GB 10 Days (ECUADOR),16.00,19.00
vodafone,ECUADOR,EC,Ecuador,,Standard,15,15,26.00,USD,N,1.0,2026-07-07,ECU,,15 GB 15 Days (ECUADOR),22.00,26.00
vodafone,ECUADOR,EC,Ecuador,,Standard,50,30,60.00,USD,N,1.0,2026-07-07,ECU,,50 GB 30 Days (ECUADOR),51.00,60.00
vodafone,EGYPT,EG,Egypt,,Standard,5,10,16.50,USD,N,1.0,2026-07-07,EGY,,5 GB 10 Days (EGYPT),14.00,16.50
vodafone,EGYPT,EG,Egypt,,Standard,10,15,26.00,USD,N,1.0,2026-07-07,EGY,,10 GB 15 Days (EGYPT),22.00,26.00
vodafone,EGYPT,EG,Egypt,,Standard,20,30,46.00,USD,N,1.0,2026-07-07,EGY,,20 GB 30 Days (EGYPT),39.00,46.00
vodafone,EGYPT,EG,Egypt,,Standard,50,30,63.50,USD,N,1.0,2026-07-07,EGY,,50 GB 30 Days (EGYPT),54.00,63.50
vodafone,EGYPT,EG,Egypt,,Unlimited,UNL,15,66.00,USD,N,1.0,2026-07-07,EGY,,UNL GB 15 Days (EGYPT),56.00,66.00
vodafone,EL SALVADOR,SV,El Salvador,,Standard,3,7,14.50,USD,N,1.0,2026-07-07,SLV,,3 GB 7 Days (EL SALVADOR),12.00,14.50
vodafone,EL SALVADOR,SV,El Salvador,,Standard,5,10,21.50,USD,N,1.0,2026-07-07,SLV,,5 GB 10 Days (EL SALVADOR),18.00,21.50
vodafone,EL SALVADOR,SV,El Salvador,,Standard,15,30,34.00,USD,N,1.0,2026-07-07,SLV,,15 GB 30 Days (EL SALVADOR),29.00,34.00
vodafone,ESTONIA,EE,Estonia,,Standard,5,10,12.00,USD,N,1.0,2026-07-07,EST,,5 GB 10 Days (ESTONIA),10.00,12.00
vodafone,ESTONIA,EE,Estonia,,Standard,10,15,14.50,USD,N,1.0,2026-07-07,EST,,10 GB 15 Days (ESTONIA),12.00,14.50
vodafone,ESTONIA,EE,Estonia,,Standard,20,30,22.50,USD,N,1.0,2026-07-07,EST,,20 GB 30 Days (ESTONIA),19.00,22.50
vodafone,ESTONIA,EE,Estonia,,Standard,50,30,41.00,USD,N,1.0,2026-07-07,EST,,50 GB 30 Days (ESTONIA),35.00,41.00
vodafone,ETHIOPIA,ET,Ethiopia,,Standard,3,15,28.50,USD,N,1.0,2026-07-07,ETH,,3 GB 15 Days (ETHIOPIA),24.00,28.50
vodafone,FAROE ISLANDS,FO,Faroe Islands,,Standard,5,10,12.00,USD,N,1.0,2026-07-07,FRO,,5 GB 10 Days (FAROE ISLANDS),10.00,12.00
vodafone,FAROE ISLANDS,FO,Faroe Islands,,Standard,10,15,20.00,USD,N,1.0,2026-07-07,FRO,,10 GB 15 Days (FAROE ISLANDS),17.00,20.00
vodafone,FAROE ISLANDS,FO,Faroe Islands,,Standard,20,30,29.50,USD,N,1.0,2026-07-07,FRO,,20 GB 30 Days (FAROE ISLANDS),25.00,29.50
vodafone,FAROE ISLANDS,FO,Faroe Islands,,Standard,50,30,48.00,USD,N,1.0,2026-07-07,FRO,,50 GB 30 Days (FAROE ISLANDS),41.00,48.00
vodafone,FIJI,FJ,Fiji,,Standard,3,7,14.50,USD,N,1.0,2026-07-07,FJI,,3 GB 7 Days (FIJI),12.00,14.50
vodafone,FIJI,FJ,Fiji,,Standard,5,10,20.00,USD,N,1.0,2026-07-07,FJI,,5 GB 10 Days (FIJI),17.00,20.00
vodafone,FIJI,FJ,Fiji,,Standard,10,30,34.00,USD,N,1.0,2026-07-07,FJI,,10 GB 30 Days (FIJI),29.00,34.00
vodafone,FINLAND,FI,Finland,,Standard,5,10,12.00,USD,N,1.0,2026-07-07,FIN,,5 GB 10 Days (FINLAND),10.00,12.00
vodafone,FINLAND,FI,Finland,,Standard,10,15,14.50,USD,N,1.0,2026-07-07,FIN,,10 GB 15 Days (FINLAND),12.00,14.50
vodafone,FINLAND,FI,Finland,,Standard,20,30,20.00,USD,N,1.0,2026-07-07,FIN,,20 GB 30 Days (FINLAND),17.00,20.00
vodafone,FINLAND,FI,Finland,,Standard,50,30,34.00,USD,N,1.0,2026-07-07,FIN,,50 GB 30 Days (FINLAND),29.00,34.00
vodafone,FRANCE,FR,France,,Standard,10,15,14.50,USD,N,1.0,2026-07-07,FRA,,10 GB 15 Days (FRANCE),12.00,14.50
vodafone,FRANCE,FR,France,,Standard,20,30,20.00,USD,N,1.0,2026-07-07,FRA,,20 GB 30 Days (FRANCE),17.00,20.00
vodafone,FRANCE,FR,France,,Standard,50,30,27.00,USD,N,1.0,2026-07-07,FRA,,50 GB 30 Days (FRANCE),23.00,27.00
vodafone,FRANCE,FR,France,,Unlimited,UNL,15,32.00,USD,N,1.0,2026-07-07,FRA,,UNL GB 15 Days (FRANCE),27.00,32.00
vodafone,FRENCH POLYNESIA,PF,French Polynesia,,Standard,3,15,22.50,USD,N,1.0,2026-07-07,PYF,,3 GB 15 Days (FRENCH POLYNESIA),19.00,22.50
vodafone,GAMBIA,GM,Gambia,,Standard,2,7,12.00,USD,N,1.0,2026-07-07,GMB,,2 GB 7 Days (GAMBIA),10.00,12.00
vodafone,GAMBIA,GM,Gambia,,Standard,5,10,21.50,USD,N,1.0,2026-07-07,GMB,,5 GB 10 Days (GAMBIA),18.00,21.50
vodafone,GAMBIA,GM,Gambia,,Standard,10,30,37.50,USD,N,1.0,2026-07-07,GMB,,10 GB 30 Days (GAMBIA),32.00,37.50
vodafone,GEORGIA,GE,Georgia,,Standard,3,7,12.00,USD,N,1.0,2026-07-07,GEO,,3 GB 7 Days (GEORGIA),10.00,12.00
vodafone,GEORGIA,GE,Georgia,,Standard,5,10,13.00,USD,N,1.0,2026-07-07,GEO,,5 GB 10 Days (GEORGIA),11.00,13.00
vodafone,GEORGIA,GE,Georgia,,Standard,10,30,25.00,USD,N,1.0,2026-07-07,GEO,,10 GB 30 Days (GEORGIA),21.00,25.00
vodafone,GEORGIA,GE,Georgia,,Standard,20,30,34.00,USD,N,1.0,2026-07-07,GEO,,20 GB 30 Days (GEORGIA),29.00,34.00
vodafone,GERMANY,DE,Germany,,Standard,5,7,12.00,USD,N,1.0,2026-07-07,DEU,,5 GB 7 Days (GERMANY),10.00,12.00
vodafone,GERMANY,DE,Germany,,Standard,10,7,14.50,USD,N,1.0,2026-07-07,DEU,,10 GB 7 Days (GERMANY),12.00,14.50
vodafone,GERMANY,DE,Germany,,Standard,20,15,20.00,USD,N,1.0,2026-07-07,DEU,,20 GB 15 Days (GERMANY),17.00,20.00
vodafone,GERMANY,DE,Germany,,Standard,50,30,28.50,USD,N,1.0,2026-07-07,DEU,,50 GB 30 Days (GERMANY),24.00,28.50
vodafone,GERMANY,DE,Germany,,Unlimited,UNL,15,36.50,USD,N,1.0,2026-07-07,DEU,,UNL GB 15 Days (GERMANY),31.00,36.50
vodafone,GHANA,GH,Ghana,,Standard,2,7,11.00,USD,N,1.0,2026-07-07,GHA,,2 GB 7 Days (GHANA),9.00,11.00
vodafone,GHANA,GH,Ghana,,Standard,3,15,12.00,USD,N,1.0,2026-07-07,GHA,,3 GB 15 Days (GHANA),10.00,12.00
vodafone,GHANA,GH,Ghana,,Standard,5,30,14.50,USD,N,1.0,2026-07-07,GHA,,5 GB 30 Days (GHANA),12.00,14.50
vodafone,GREECE,GR,Greece,,Standard,5,7,12.00,USD,N,1.0,2026-07-07,GRC,,5 GB 7 Days (GREECE),10.00,12.00
vodafone,GREECE,GR,Greece,,Standard,10,10,14.50,USD,N,1.0,2026-07-07,GRC,,10 GB 10 Days (GREECE),12.00,14.50
vodafone,GREECE,GR,Greece,,Standard,20,30,20.00,USD,N,1.0,2026-07-07,GRC,,20 GB 30 Days (GREECE),17.00,20.00
vodafone,GREECE,GR,Greece,,Standard,50,30,28.50,USD,N,1.0,2026-07-07,GRC,,50 GB 30 Days (GREECE),24.00,28.50
vodafone,GREECE,GR,Greece,,Unlimited,UNL,15,34.00,USD,N,1.0,2026-07-07,GRC,,UNL GB 15 Days (GREECE),29.00,34.00
vodafone,GREENLAND,GL,Greenland,,Standard,1,10,12.00,USD,N,1.0,2026-07-07,GRL,,1 GB 10 Days (GREENLAND),10.00,12.00
vodafone,GREENLAND,GL,Greenland,,Standard,5,15,25.00,USD,N,1.0,2026-07-07,GRL,,5 GB 15 Days (GREENLAND),21.00,25.00
vodafone,GUADELOUPE,GP,Guadeloupe,,Standard,3,7,12.00,USD,N,1.0,2026-07-07,GLP,,3 GB 7 Days (GUADELOUPE),10.00,12.00
vodafone,GUADELOUPE,GP,Guadeloupe,,Standard,5,10,14.50,USD,N,1.0,2026-07-07,GLP,,5 GB 10 Days (GUADELOUPE),12.00,14.50
vodafone,GUADELOUPE,GP,Guadeloupe,,Standard,10,30,22.50,USD,N,1.0,2026-07-07,GLP,,10 GB 30 Days (GUADELOUPE),19.00,22.50
vodafone,GUADELOUPE,GP,Guadeloupe,,Standard,20,30,29.50,USD,N,1.0,2026-07-07,GLP,,20 GB 30 Days (GUADELOUPE),25.00,29.50
vodafone,GUATEMALA,GT,Guatemala,,Standard,3,7,15.50,USD,N,1.0,2026-07-07,GTM,,3 GB 7 Days (GUATEMALA),13.00,15.50
vodafone,GUATEMALA,GT,Guatemala,,Standard,5,10,22.50,USD,N,1.0,2026-07-07,GTM,,5 GB 10 Days (GUATEMALA),19.00,22.50
vodafone,GUATEMALA,GT,Guatemala,,Standard,15,30,36.50,USD,N,1.0,2026-07-07,GTM,,15 GB 30 Days (GUATEMALA),31.00,36.50
vodafone,GUERNSEY,GG,Guernsey,,Standard,3,15,13.00,USD,N,1.0,2026-07-07,GGY,,3 GB 15 Days (GUERNSEY),11.00,13.00
vodafone,HONG KONG,HK,Hong Kong,,Standard,2,7,11.00,USD,N,1.0,2026-07-07,HKG,,2 GB 7 Days (HONG KONG),9.00,11.00
vodafone,HONG KONG,HK,Hong Kong,,Standard,3,15,12.00,USD,N,1.0,2026-07-07,HKG,,3 GB 15 Days (HONG KONG),10.00,12.00
vodafone,HONG KONG,HK,Hong Kong,,Standard,5,30,18.00,USD,N,1.0,2026-07-07,HKG,,5 GB 30 Days (HONG KONG),15.00,18.00
vodafone,HUNGARY,HU,Hungary,,Standard,10,10,13.00,USD,N,1.0,2026-07-07,HUN,,10 GB 10 Days (HUNGARY),11.00,13.00
vodafone,HUNGARY,HU,Hungary,,Standard,20,30,19.00,USD,N,1.0,2026-07-07,HUN,,20 GB 30 Days (HUNGARY),16.00,19.00
vodafone,HUNGARY,HU,Hungary,,Standard,50,30,30.50,USD,N,1.0,2026-07-07,HUN,,50 GB 30 Days (HUNGARY),26.00,30.50
vodafone,ICELAND,IS,Iceland,,Standard,5,7,12.00,USD,N,1.0,2026-07-07,ISL,,5 GB 7 Days (ICELAND),10.00,12.00
vodafone,ICELAND,IS,Iceland,,Standard,10,15,18.00,USD,N,1.0,2026-07-07,ISL,,10 GB 15 Days (ICELAND),15.00,18.00
vodafone,ICELAND,IS,Iceland,,Standard,20,30,28.50,USD,N,1.0,2026-07-07,ISL,,20 GB 30 Days (ICELAND),24.00,28.50
vodafone,ICELAND,IS,Iceland,,Standard,50,30,46.00,USD,N,1.0,2026-07-07,ISL,,50 GB 30 Days (ICELAND),39.00,46.00
vodafone,INDIA,IN,India,,Standard,5,10,13.00,USD,N,1.0,2026-07-07,IND,,5 GB 10 Days (INDIA),11.00,13.00
vodafone,INDIA,IN,India,,Standard,10,30,20.00,USD,N,1.0,2026-07-07,IND,,10 GB 30 Days (INDIA),17.00,20.00
vodafone,INDIA,IN,India,,Standard,20,30,34.00,USD,N,1.0,2026-07-07,IND,,20 GB 30 Days (INDIA),29.00,34.00
vodafone,INDIA,IN,India,,Unlimited,UNL,15,63.50,USD,N,1.0,2026-07-07,IND,,UNL GB 15 Days (INDIA),54.00,63.50
vodafone,INDONESIA,ID,Indonesia,,Standard,3,7,12.00,USD,N,1.0,2026-07-07,IDN,,3 GB 7 Days (INDONESIA),10.00,12.00
vodafone,INDONESIA,ID,Indonesia,,Standard,5,15,13.00,USD,N,1.0,2026-07-07,IDN,,5 GB 15 Days (INDONESIA),11.00,13.00
vodafone,INDONESIA,ID,Indonesia,,Standard,10,30,20.00,USD,N,1.0,2026-07-07,IDN,,10 GB 30 Days (INDONESIA),17.00,20.00
vodafone,INDONESIA,ID,Indonesia,,Standard,20,30,34.00,USD,N,1.0,2026-07-07,IDN,,20 GB 30 Days (INDONESIA),29.00,34.00
vodafone,IRAN ISLAMIC REPUBLIC OF,IR,"Iran, Islamic Republic of",,Standard,3,15,51.50,USD,N,1.0,2026-07-07,IRN,,3 GB 15 Days (IRAN ISLAMIC REPUBLIC OF),44.00,51.50
vodafone,IRAQ,IQ,Iraq,,Standard,3,7,12.00,USD,N,1.0,2026-07-07,IRQ,,3 GB 7 Days (IRAQ),10.00,12.00
vodafone,IRAQ,IQ,Iraq,,Standard,5,15,15.50,USD,N,1.0,2026-07-07,IRQ,,5 GB 15 Days (IRAQ),13.00,15.50
vodafone,IRAQ,IQ,Iraq,,Standard,10,30,26.00,USD,N,1.0,2026-07-07,IRQ,,10 GB 30 Days (IRAQ),22.00,26.00
vodafone,IRAQ,IQ,Iraq,,Standard,20,30,42.50,USD,N,1.0,2026-07-07,IRQ,,20 GB 30 Days (IRAQ),36.00,42.50
vodafone,IRELAND,IE,Ireland,,Standard,5,7,12.00,USD,N,1.0,2026-07-07,IRL,,5 GB 7 Days (IRELAND),10.00,12.00
vodafone,IRELAND,IE,Ireland,,Standard,10,15,15.50,USD,N,1.0,2026-07-07,IRL,,10 GB 15 Days (IRELAND),13.00,15.50
vodafone,IRELAND,IE,Ireland,,Standard,20,30,20.00,USD,N,1.0,2026-07-07,IRL,,20 GB 30 Days (IRELAND),17.00,20.00
vodafone,IRELAND,IE,Ireland,,Standard,50,30,32.00,USD,N,1.0,2026-07-07,IRL,,50 GB 30 Days (IRELAND),27.00,32.00
vodafone,IRELAND,IE,Ireland,,Unlimited,UNL,15,43.50,USD,N,1.0,2026-07-07,IRL,,UNL GB 15 Days (IRELAND),37.00,43.50
vodafone,ISRAEL,IL,Israel,,Standard,5,10,11.00,USD,N,1.0,2026-07-07,ISR,,5 GB 10 Days (ISRAEL),9.00,11.00
vodafone,ISRAEL,IL,Israel,,Standard,10,30,15.50,USD,N,1.0,2026-07-07,ISR,,10 GB 30 Days (ISRAEL),13.00,15.50
vodafone,ISRAEL,IL,Israel,,Standard,20,30,22.50,USD,N,1.0,2026-07-07,ISR,,20 GB 30 Days (ISRAEL),19.00,22.50
vodafone,ITALY,IT,Italy,,Standard,3,10,12.00,USD,N,1.0,2026-07-07,ITA,,3 GB 10 Days (ITALY),10.00,12.00
vodafone,ITALY,IT,Italy,,Standard,10,15,16.50,USD,N,1.0,2026-07-07,ITA,,10 GB 15 Days (ITALY),14.00,16.50
vodafone,ITALY,IT,Italy,,Standard,20,30,23.50,USD,N,1.0,2026-07-07,ITA,,20 GB 30 Days (ITALY),20.00,23.50
vodafone,ITALY,IT,Italy,,Standard,50,30,29.50,USD,N,1.0,2026-07-07,ITA,,50 GB 30 Days (ITALY),25.00,29.50
vodafone,ITALY,IT,Italy,,Unlimited,UNL,15,41.00,USD,N,1.0,2026-07-07,ITA,,UNL GB 15 Days (ITALY),35.00,41.00
vodafone,JAMAICA,JM,Jamaica,,Standard,2,7,12.00,USD,N,1.0,2026-07-07,JAM,,2 GB 7 Days (JAMAICA),10.00,12.00
vodafone,JAMAICA,JM,Jamaica,,Standard,3,15,16.50,USD,N,1.0,2026-07-07,JAM,,3 GB 15 Days (JAMAICA),14.00,16.50
vodafone,JAMAICA,JM,Jamaica,,Standard,5,30,25.00,USD,N,1.0,2026-07-07,JAM,,5 GB 30 Days (JAMAICA),21.00,25.00
vodafone,JAPAN,JP,Japan,,Standard,3,10,11.00,USD,N,1.0,2026-07-07,JPN,,3 GB 10 Days (JAPAN),9.00,11.00
vodafone,JAPAN,JP,Japan,,Standard,5,15,12.00,USD,N,1.0,2026-07-07,JPN,,5 GB 15 Days (JAPAN),10.00,12.00
vodafone,JAPAN,JP,Japan,,Standard,10,30,16.50,USD,N,1.0,2026-07-07,JPN,,10 GB 30 Days (JAPAN),14.00,16.50
vodafone,JAPAN,JP,Japan,,Standard,20,30,27.00,USD,N,1.0,2026-07-07,JPN,,20 GB 30 Days (JAPAN),23.00,27.00
vodafone,JAPAN,JP,Japan,,Unlimited,UNL,15,81.00,USD,N,1.0,2026-07-07,JPN,,UNL GB 15 Days (JAPAN),69.00,81.00
vodafone,JERSEY,JE,Jersey,,Standard,5,7,12.00,USD,N,1.0,2026-07-07,JEY,,5 GB 7 Days (JERSEY),10.00,12.00
vodafone,JERSEY,JE,Jersey,,Standard,10,15,19.00,USD,N,1.0,2026-07-07,JEY,,10 GB 15 Days (JERSEY),16.00,19.00
vodafone,JERSEY,JE,Jersey,,Standard,20,30,25.00,USD,N,1.0,2026-07-07,JEY,,20 GB 30 Days (JERSEY),21.00,25.00
vodafone,JERSEY,JE,Jersey,,Standard,50,30,48.00,USD,N,1.0,2026-07-07,JEY,,50 GB 30 Days (JERSEY),41.00,48.00
vodafone,JORDAN,JO,Jordan,,Standard,3,7,12.00,USD,N,1.0,2026-07-07,JOR,,3 GB 7 Days (JORDAN),10.00,12.00
vodafone,JORDAN,JO,Jordan,,Standard,5,15,16.50,USD,N,1.0,2026-07-07,JOR,,5 GB 15 Days (JORDAN),14.00,16.50
vodafone,JORDAN,JO,Jordan,,Standard,10,30,23.50,USD,N,1.0,2026-07-07,JOR,,10 GB 30 Days (JORDAN),20.00,23.50
vodafone,JORDAN,JO,Jordan,,Standard,20,30,39.00,USD,N,1.0,2026-07-07,JOR,,20 GB 30 Days (JORDAN),33.00,39.00
vodafone,KAZAKHSTAN,KZ,Kazakhstan,,Standard,5,10,12.00,USD,N,1.0,2026-07-07,KAZ,,5 GB 10 Days (KAZAKHSTAN),10.00,12.00
vodafone,KAZAKHSTAN,KZ,Kazakhstan,,Standard,10,30,15.50,USD,N,1.0,2026-07-07,KAZ,,10 GB 30 Days (KAZAKHSTAN),13.00,15.50
vodafone,KAZAKHSTAN,KZ,Kazakhstan,,Standard,20,30,25.00,USD,N,1.0,2026-07-07,KAZ,,20 GB 30 Days (KAZAKHSTAN),21.00,25.00
vodafone,KENYA,KE,Kenya,,Standard,3,7,13.00,USD,N,1.0,2026-07-07,KEN,,3 GB 7 Days (KENYA),11.00,13.00
vodafone,KENYA,KE,Kenya,,Standard,5,15,16.50,USD,N,1.0,2026-07-07,KEN,,5 GB 15 Days (KENYA),14.00,16.50
vodafone,KENYA,KE,Kenya,,Standard,15,30,28.50,USD,N,1.0,2026-07-07,KEN,,15 GB 30 Days (KENYA),24.00,28.50
vodafone,KENYA,KE,Kenya,,Unlimited,UNL,15,46.00,USD,N,1.0,2026-07-07,KEN,,UNL GB 15 Days (KENYA),39.00,46.00
vodafone,KOREA REPUBLIC OF,KR,"Korea, Republic of",,Standard,3,15,11.00,USD,N,1.0,2026-07-07,KOR,,3 GB 15 Days (KOREA REPUBLIC OF),9.00,11.00
vodafone,KOSOVO,RS,Serbia,,Standard,3,7,12.00,USD,N,1.0,2026-07-07,SRB,,3 GB 7 Days (KOSOVO),10.00,12.00
vodafone,KOSOVO,RS,Serbia,,Standard,5,15,16.50,USD,N,1.0,2026-07-07,SRB,,5 GB 15 Days (KOSOVO),14.00,16.50
vodafone,KOSOVO,RS,Serbia,,Standard,15,30,32.00,USD,N,1.0,2026-07-07,SRB,,15 GB 30 Days (KOSOVO),27.00,32.00
vodafone,KUWAIT,KW,Kuwait,,Standard,5,7,12.00,USD,N,1.0,2026-07-07,KWT,,5 GB 7 Days (KUWAIT),10.00,12.00
vodafone,KUWAIT,KW,Kuwait,,Standard,10,15,18.00,USD,N,1.0,2026-07-07,KWT,,10 GB 15 Days (KUWAIT),15.00,18.00
vodafone,KUWAIT,KW,Kuwait,,Standard,20,30,27.00,USD,N,1.0,2026-07-07,KWT,,20 GB 30 Days (KUWAIT),23.00,27.00
vodafone,KYRGYZSTAN,KG,Kyrgyzstan,,Standard,3,7,12.00,USD,N,1.0,2026-07-07,KGZ,,3 GB 7 Days (KYRGYZSTAN),10.00,12.00
vodafone,KYRGYZSTAN,KG,Kyrgyzstan,,Standard,5,15,18.00,USD,N,1.0,2026-07-07,KGZ,,5 GB 15 Days (KYRGYZSTAN),15.00,18.00
vodafone,KYRGYZSTAN,KG,Kyrgyzstan,,Standard,10,30,28.50,USD,N,1.0,2026-07-07,KGZ,,10 GB 30 Days (KYRGYZSTAN),24.00,28.50
vodafone,KYRGYZSTAN,KG,Kyrgyzstan,,Standard,20,30,43.50,USD,N,1.0,2026-07-07,KGZ,,20 GB 30 Days (KYRGYZSTAN),37.00,43.50
vodafone,LAO PEOPLES DEMOCRATIC REPUBLIC,LA,Lao People's Democratic Republic,,Standard,1,7,9.50,USD,N,1.0,2026-07-07,LAO,,1 GB 7 Days (LAO PEOPLES DEMOCRATIC REPUBLIC),8.00,9.50
vodafone,LAO PEOPLES DEMOCRATIC REPUBLIC,LA,Lao People's Democratic Republic,,Standard,3,10,12.00,USD,N,1.0,2026-07-07,LAO,,3 GB 10 Days (LAO PEOPLES DEMOCRATIC REPUBLIC),10.00,12.00
vodafone,LAO PEOPLES DEMOCRATIC REPUBLIC,LA,Lao People's Democratic Republic,,Standard,5,15,16.50,USD,N,1.0,2026-07-07,LAO,,5 GB 15 Days (LAO PEOPLES DEMOCRATIC REPUBLIC),14.00,16.50
vodafone,LAO PEOPLES DEMOCRATIC REPUBLIC,LA,Lao People's Democratic Republic,,Standard,15,30,36.50,USD,N,1.0,2026-07-07,LAO,,15 GB 30 Days (LAO PEOPLES DEMOCRATIC REPUBLIC),31.00,36.50
vodafone,LATVIA,LV,Latvia,,Standard,5,7,12.00,USD,N,1.0,2026-07-07,LVA,,5 GB 7 Days (LATVIA),10.00,12.00
vodafone,LATVIA,LV,Latvia,,Standard,10,15,16.50,USD,N,1.0,2026-07-07,LVA,,10 GB 15 Days (LATVIA),14.00,16.50
vodafone,LATVIA,LV,Latvia,,Standard,20,30,25.00,USD,N,1.0,2026-07-07,LVA,,20 GB 30 Days (LATVIA),21.00,25.00
vodafone,LATVIA,LV,Latvia,,Standard,50,30,40.00,USD,N,1.0,2026-07-07,LVA,,50 GB 30 Days (LATVIA),34.00,40.00
vodafone,LEBANON,LB,Lebanon,,Standard,1,7,12.00,USD,N,1.0,2026-07-07,LBN,,1 GB 7 Days (LEBANON),10.00,12.00
vodafone,LESOTHO,LS,Lesotho,,Standard,1,7,12.00,USD,N,1.0,2026-07-07,LSO,,1 GB 7 Days (LESOTHO),10.00,12.00
vodafone,LESOTHO,LS,Lesotho,,Standard,5,15,14.50,USD,N,1.0,2026-07-07,LSO,,5 GB 15 Days (LESOTHO),12.00,14.50
vodafone,LESOTHO,LS,Lesotho,,Standard,10,30,26.00,USD,N,1.0,2026-07-07,LSO,,10 GB 30 Days (LESOTHO),22.00,26.00
vodafone,LESOTHO,LS,Lesotho,,Standard,15,30,34.00,USD,N,1.0,2026-07-07,LSO,,15 GB 30 Days (LESOTHO),29.00,34.00
vodafone,LIBERIA,LR,Liberia,,Standard,1,7,8.50,USD,N,1.0,2026-07-07,LBR,,1 GB 7 Days (LIBERIA),7.00,8.50
vodafone,LIBYAN ARAB JAMAHIRIYA,LY,Libya,,Standard,3,15,22.50,USD,N,1.0,2026-07-07,LBY,,3 GB 15 Days (LIBYAN ARAB JAMAHIRIYA),19.00,22.50
vodafone,LIECHTENSTEIN,LI,Liechtenstein,,Standard,5,7,12.00,USD,N,1.0,2026-07-07,LIE,,5 GB 7 Days (LIECHTENSTEIN),10.00,12.00
vodafone,LIECHTENSTEIN,LI,Liechtenstein,,Standard,10,15,14.50,USD,N,1.0,2026-07-07,LIE,,10 GB 15 Days (LIECHTENSTEIN),12.00,14.50
vodafone,LIECHTENSTEIN,LI,Liechtenstein,,Standard,20,30,22.50,USD,N,1.0,2026-07-07,LIE,,20 GB 30 Days (LIECHTENSTEIN),19.00,22.50
vodafone,LIECHTENSTEIN,LI,Liechtenstein,,Standard,50,30,34.00,USD,N,1.0,2026-07-07,LIE,,50 GB 30 Days (LIECHTENSTEIN),29.00,34.00
vodafone,LITHUANIA,LT,Lithuania,,Standard,5,7,12.00,USD,N,1.0,2026-07-07,LTU,,5 GB 7 Days (LITHUANIA),10.00,12.00
vodafone,LITHUANIA,LT,Lithuania,,Standard,10,15,18.00,USD,N,1.0,2026-07-07,LTU,,10 GB 15 Days (LITHUANIA),15.00,18.00
vodafone,LITHUANIA,LT,Lithuania,,Standard,20,30,29.50,USD,N,1.0,2026-07-07,LTU,,20 GB 30 Days (LITHUANIA),25.00,29.50
vodafone,LITHUANIA,LT,Lithuania,,Standard,50,30,42.50,USD,N,1.0,2026-07-07,LTU,,50 GB 30 Days (LITHUANIA),36.00,42.50
vodafone,LUXEMBOURG,LU,Luxembourg,,Standard,5,7,12.00,USD,N,1.0,2026-07-07,LUX,,5 GB 7 Days (LUXEMBOURG),10.00,12.00
vodafone,LUXEMBOURG,LU,Luxembourg,,Standard,10,15,16.50,USD,N,1.0,2026-07-07,LUX,,10 GB 15 Days (LUXEMBOURG),14.00,16.50
vodafone,LUXEMBOURG,LU,Luxembourg,,Standard,20,30,25.00,USD,N,1.0,2026-07-07,LUX,,20 GB 30 Days (LUXEMBOURG),21.00,25.00
vodafone,LUXEMBOURG,LU,Luxembourg,,Standard,50,30,46.00,USD,N,1.0,2026-07-07,LUX,,50 GB 30 Days (LUXEMBOURG),39.00,46.00
vodafone,MACAU,MO,Macao,,Standard,2,7,12.00,USD,N,1.0,2026-07-07,MAC,,2 GB 7 Days (MACAU),10.00,12.00
vodafone,MACAU,MO,Macao,,Standard,3,15,16.50,USD,N,1.0,2026-07-07,MAC,,3 GB 15 Days (MACAU),14.00,16.50
vodafone,MACAU,MO,Macao,,Standard,5,30,25.00,USD,N,1.0,2026-07-07,MAC,,5 GB 30 Days (MACAU),21.00,25.00
vodafone,MALAYSIA,MY,Malaysia,,Standard,5,10,12.00,USD,N,1.0,2026-07-07,MYS,,5 GB 10 Days (MALAYSIA),10.00,12.00
vodafone,MALAYSIA,MY,Malaysia,,Standard,10,15,19.00,USD,N,1.0,2026-07-07,MYS,,10 GB 15 Days (MALAYSIA),16.00,19.00
vodafone,MALAYSIA,MY,Malaysia,,Standard,20,30,32.00,USD,N,1.0,2026-07-07,MYS,,20 GB 30 Days (MALAYSIA),27.00,32.00
vodafone,MALDIVES,MV,Maldives,,Standard,3,10,28.50,USD,N,1.0,2026-07-07,MDV,,3 GB 10 Days (MALDIVES),24.00,28.50
vodafone,MALDIVES,MV,Maldives,,Standard,5,15,42.50,USD,N,1.0,2026-07-07,MDV,,5 GB 15 Days (MALDIVES),36.00,42.50
vodafone,MALDIVES,MV,Maldives,,Standard,10,15,69.50,USD,N,1.0,2026-07-07,MDV,,10 GB 15 Days (MALDIVES),59.00,69.50
vodafone,MALDIVES,MV,Maldives,,Standard,20,30,122.00,USD,N,1.0,2026-07-07,MDV,,20 GB 30 Days (MALDIVES),104.00,122.00
vodafone,MALI,ML,Mali,,Standard,2,7,18.00,USD,N,1.0,2026-07-07,MLI,,2 GB 7 Days (MALI),15.00,18.00
vodafone,MALI,ML,Mali,,Standard,3,15,26.00,USD,N,1.0,2026-07-07,MLI,,3 GB 15 Days (MALI),22.00,26.00
vodafone,MALI,ML,Mali,,Standard,5,30,40.00,USD,N,1.0,2026-07-07,MLI,,5 GB 30 Days (MALI),34.00,40.00
vodafone,MALTA,MT,Malta,,Standard,3,7,11.00,USD,N,1.0,2026-07-07,MLT,,3 GB 7 Days (MALTA),9.00,11.00
vodafone,MALTA,MT,Malta,,Standard,5,15,12.00,USD,N,1.0,2026-07-07,MLT,,5 GB 15 Days (MALTA),10.00,12.00
vodafone,MALTA,MT,Malta,,Standard,10,30,16.50,USD,N,1.0,2026-07-07,MLT,,10 GB 30 Days (MALTA),14.00,16.50
vodafone,MALTA,MT,Malta,,Standard,50,30,33.00,USD,N,1.0,2026-07-07,MLT,,50 GB 30 Days (MALTA),28.00,33.00
vodafone,MAURITIUS,MU,Mauritius,,Standard,2,7,12.00,USD,N,1.0,2026-07-07,MUS,,2 GB 7 Days (MAURITIUS),10.00,12.00
vodafone,MAURITIUS,MU,Mauritius,,Standard,3,15,13.00,USD,N,1.0,2026-07-07,MUS,,3 GB 15 Days (MAURITIUS),11.00,13.00
vodafone,MAURITIUS,MU,Mauritius,,Standard,5,30,18.00,USD,N,1.0,2026-07-07,MUS,,5 GB 30 Days (MAURITIUS),15.00,18.00
vodafone,MEXICO,MX,Mexico,,Standard,3,7,11.00,USD,N,1.0,2026-07-07,MEX,,3 GB 7 Days (MEXICO),9.00,11.00
vodafone,MEXICO,MX,Mexico,,Standard,5,15,12.00,USD,N,1.0,2026-07-07,MEX,,5 GB 15 Days (MEXICO),10.00,12.00
vodafone,MEXICO,MX,Mexico,,Standard,10,30,18.00,USD,N,1.0,2026-07-07,MEX,,10 GB 30 Days (MEXICO),15.00,18.00
vodafone,MEXICO,MX,Mexico,,Standard,20,30,28.50,USD,N,1.0,2026-07-07,MEX,,20 GB 30 Days (MEXICO),24.00,28.50
vodafone,MEXICO,MX,Mexico,,Unlimited,UNL,15,27.00,USD,N,1.0,2026-07-07,MEX,,UNL GB 15 Days (MEXICO),23.00,27.00
vodafone,MOLDOVA REPUBLIC OF,MD,"Moldova, Republic of",,Standard,2,7,11.00,USD,N,1.0,2026-07-07,MDA,,2 GB 7 Days (MOLDOVA REPUBLIC OF),9.00,11.00
vodafone,MOLDOVA REPUBLIC OF,MD,"Moldova, Republic of",,Standard,3,10,12.00,USD,N,1.0,2026-07-07,MDA,,3 GB 10 Days (MOLDOVA REPUBLIC OF),10.00,12.00
vodafone,MOLDOVA REPUBLIC OF,MD,"Moldova, Republic of",,Standard,5,15,15.50,USD,N,1.0,2026-07-07,MDA,,5 GB 15 Days (MOLDOVA REPUBLIC OF),13.00,15.50
vodafone,MOLDOVA REPUBLIC OF,MD,"Moldova, Republic of",,Standard,15,30,32.00,USD,N,1.0,2026-07-07,MDA,,15 GB 30 Days (MOLDOVA REPUBLIC OF),27.00,32.00
vodafone,MONACO,MC,Monaco,,Standard,3,15,34.00,USD,N,1.0,2026-07-07,MCO,,3 GB 15 Days (MONACO),29.00,34.00
vodafone,MONTENEGRO,ME,Montenegro,,Standard,5,10,12.00,USD,N,1.0,2026-07-07,MNE,,5 GB 10 Days (MONTENEGRO),10.00,12.00
vodafone,MONTENEGRO,ME,Montenegro,,Standard,10,15,15.50,USD,N,1.0,2026-07-07,MNE,,10 GB 15 Days (MONTENEGRO),13.00,15.50
vodafone,MONTENEGRO,ME,Montenegro,,Standard,20,30,23.50,USD,N,1.0,2026-07-07,MNE,,20 GB 30 Days (MONTENEGRO),20.00,23.50
vodafone,MOROCCO,MA,Morocco,,Standard,3,7,15.50,USD,N,1.0,2026-07-07,MAR,,3 GB 7 Days (MOROCCO),13.00,15.50
vodafone,MOROCCO,MA,Morocco,,Standard,5,10,22.50,USD,N,1.0,2026-07-07,MAR,,5 GB 10 Days (MOROCCO),19.00,22.50
vodafone,MOROCCO,MA,Morocco,,Standard,20,30,40.00,USD,N,1.0,2026-07-07,MAR,,20 GB 30 Days (MOROCCO),34.00,40.00
vodafone,MOROCCO,MA,Morocco,,Standard,15,30,33.00,USD,N,1.0,2026-07-07,MAR,,15 GB 30 Days (MOROCCO),28.00,33.00
vodafone,MOROCCO,MA,Morocco,,Unlimited,UNL,15,56.50,USD,N,1.0,2026-07-07,MAR,,UNL GB 15 Days (MOROCCO),48.00,56.50
vodafone,NEPAL,NP,Nepal,,Standard,1,7,12.00,USD,N,1.0,2026-07-07,NPL,,1 GB 7 Days (NEPAL),10.00,12.00
vodafone,NEPAL,NP,Nepal,,Standard,20,60,81.00,USD,N,1.0,2026-07-07,NPL,,20 GB 60 Days (NEPAL),69.00,81.00
vodafone,NETHERLANDS,NL,Netherlands,,Standard,10,15,14.50,USD,N,1.0,2026-07-07,NLD,,10 GB 15 Days (NETHERLANDS),12.00,14.50
vodafone,NETHERLANDS,NL,Netherlands,,Standard,20,30,22.50,USD,N,1.0,2026-07-07,NLD,,20 GB 30 Days (NETHERLANDS),19.00,22.50
vodafone,NETHERLANDS,NL,Netherlands,,Standard,50,30,32.00,USD,N,1.0,2026-07-07,NLD,,50 GB 30 Days (NETHERLANDS),27.00,32.00
vodafone,NETHERLANDS,NL,Netherlands,,Unlimited,UNL,15,43.50,USD,N,1.0,2026-07-07,NLD,,UNL GB 15 Days (NETHERLANDS),37.00,43.50
vodafone,NETHERLANDS ANTILLES,BQ,"Bonaire, Sint Eustatius and Saba",,Standard,3,15,14.50,USD,N,1.0,2026-07-07,BES,,3 GB 15 Days (NETHERLANDS ANTILLES),12.00,14.50
vodafone,NEW ZEALAND,NZ,New Zealand,,Standard,3,7,12.00,USD,N,1.0,2026-07-07,NZL,,3 GB 7 Days (NEW ZEALAND),10.00,12.00
vodafone,NEW ZEALAND,NZ,New Zealand,,Standard,5,15,13.00,USD,N,1.0,2026-07-07,NZL,,5 GB 15 Days (NEW ZEALAND),11.00,13.00
vodafone,NEW ZEALAND,NZ,New Zealand,,Standard,10,30,20.00,USD,N,1.0,2026-07-07,NZL,,10 GB 30 Days (NEW ZEALAND),17.00,20.00
vodafone,NEW ZEALAND,NZ,New Zealand,,Standard,20,30,34.00,USD,N,1.0,2026-07-07,NZL,,20 GB 30 Days (NEW ZEALAND),29.00,34.00
vodafone,NEW ZEALAND,NZ,New Zealand,,Unlimited,UNL,15,43.50,USD,N,1.0,2026-07-07,NZL,,UNL GB 15 Days (NEW ZEALAND),37.00,43.50
vodafone,NICARAGUA,NI,Nicaragua,,Standard,2,7,12.00,USD,N,1.0,2026-07-07,NIC,,2 GB 7 Days (NICARAGUA),10.00,12.00
vodafone,NICARAGUA,NI,Nicaragua,,Standard,3,10,14.50,USD,N,1.0,2026-07-07,NIC,,3 GB 10 Days (NICARAGUA),12.00,14.50
vodafone,NICARAGUA,NI,Nicaragua,,Standard,5,15,20.00,USD,N,1.0,2026-07-07,NIC,,5 GB 15 Days (NICARAGUA),17.00,20.00
vodafone,NICARAGUA,NI,Nicaragua,,Standard,15,30,34.00,USD,N,1.0,2026-07-07,NIC,,15 GB 30 Days (NICARAGUA),29.00,34.00
vodafone,NIGER,NG,Nigeria,,Standard,2,7,14.50,USD,N,1.0,2026-07-07,NGA,,2 GB 7 Days (NIGER),12.00,14.50
vodafone,NIGER,NG,Nigeria,,Standard,3,10,17.00,USD,N,1.0,2026-07-07,NGA,,3 GB 10 Days (NIGER),14.50,17.00
vodafone,NIGER,NG,Nigeria,,Standard,5,15,25.50,USD,N,1.0,2026-07-07,NGA,,5 GB 15 Days (NIGER),21.50,25.50
vodafone,NIGER,NG,Nigeria,,Standard,10,30,42.50,USD,N,1.0,2026-07-07,NGA,,10 GB 30 Days (NIGER),36.00,42.50
vodafone,NIGERIA,NG,Nigeria,,Standard,2,7,13.00,USD,N,1.0,2026-07-07,NGA,,2 GB 7 Days (NIGERIA),11.00,13.00
vodafone,NIGERIA,NG,Nigeria,,Standard,3,10,16.50,USD,N,1.0,2026-07-07,NGA,,3 GB 10 Days (NIGERIA),14.00,16.50
vodafone,NIGERIA,NG,Nigeria,,Standard,5,15,27.00,USD,N,1.0,2026-07-07,NGA,,5 GB 15 Days (NIGERIA),23.00,27.00
vodafone,North Macedonia,MK,North Macedonia,,Standard,5,30,12.00,USD,N,1.0,2026-07-07,MKD,,5 GB 30 Days (North Macedonia),10.00,12.00
vodafone,NORWAY,NO,Norway,,Standard,5,7,12.00,USD,N,1.0,2026-07-07,NOR,,5 GB 7 Days (NORWAY),10.00,12.00
vodafone,NORWAY,NO,Norway,,Standard,10,15,14.50,USD,N,1.0,2026-07-07,NOR,,10 GB 15 Days (NORWAY),12.00,14.50
vodafone,NORWAY,NO,Norway,,Standard,20,30,22.50,USD,N,1.0,2026-07-07,NOR,,20 GB 30 Days (NORWAY),19.00,22.50
vodafone,NORWAY,NO,Norway,,Standard,50,30,34.00,USD,N,1.0,2026-07-07,NOR,,50 GB 30 Days (NORWAY),29.00,34.00
vodafone,OMAN,OM,Oman,,Standard,5,10,12.00,USD,N,1.0,2026-07-07,OMN,,5 GB 10 Days (OMAN),10.00,12.00
vodafone,OMAN,OM,Oman,,Standard,10,15,20.00,USD,N,1.0,2026-07-07,OMN,,10 GB 15 Days (OMAN),17.00,20.00
vodafone,OMAN,OM,Oman,,Standard,20,30,34.00,USD,N,1.0,2026-07-07,OMN,,20 GB 30 Days (OMAN),29.00,34.00
vodafone,PAKISTAN,PK,Pakistan,,Standard,5,10,12.00,USD,N,1.0,2026-07-07,PAK,,5 GB 10 Days (PAKISTAN),10.00,12.00
vodafone,PAKISTAN,PK,Pakistan,,Standard,10,30,16.50,USD,N,1.0,2026-07-07,PAK,,10 GB 30 Days (PAKISTAN),14.00,16.50
vodafone,PAKISTAN,PK,Pakistan,,Standard,20,30,27.00,USD,N,1.0,2026-07-07,PAK,,20 GB 30 Days (PAKISTAN),23.00,27.00
vodafone,PANAMA,PA,Panama,,Standard,2,7,12.00,USD,N,1.0,2026-07-07,PAN,,2 GB 7 Days (PANAMA),10.00,12.00
vodafone,PANAMA,PA,Panama,,Standard,3,10,16.50,USD,N,1.0,2026-07-07,PAN,,3 GB 10 Days (PANAMA),14.00,16.50
vodafone,PANAMA,PA,Panama,,Standard,5,15,25.00,USD,N,1.0,2026-07-07,PAN,,5 GB 15 Days (PANAMA),21.00,25.00
vodafone,PANAMA,PA,Panama,,Standard,10,30,32.00,USD,N,1.0,2026-07-07,PAN,,10 GB 30 Days (PANAMA),27.00,32.00
vodafone,PAPUA NEW GUINEA,PG,Papua New Guinea,,Standard,2,7,12.00,USD,N,1.0,2026-07-07,PNG,,2 GB 7 Days (PAPUA NEW GUINEA),10.00,12.00
vodafone,PAPUA NEW GUINEA,PG,Papua New Guinea,,Standard,3,10,15.50,USD,N,1.0,2026-07-07,PNG,,3 GB 10 Days (PAPUA NEW GUINEA),13.00,15.50
vodafone,PAPUA NEW GUINEA,PG,Papua New Guinea,,Standard,5,15,25.00,USD,N,1.0,2026-07-07,PNG,,5 GB 15 Days (PAPUA NEW GUINEA),21.00,25.00
vodafone,PAPUA NEW GUINEA,PG,Papua New Guinea,,Standard,15,30,55.00,USD,N,1.0,2026-07-07,PNG,,15 GB 30 Days (PAPUA NEW GUINEA),47.00,55.00
vodafone,PARAGUAY,PY,Paraguay,,Standard,2,7,13.00,USD,N,1.0,2026-07-07,PRY,,2 GB 7 Days (PARAGUAY),11.00,13.00
vodafone,PARAGUAY,PY,Paraguay,,Standard,3,10,14.50,USD,N,1.0,2026-07-07,PRY,,3 GB 10 Days (PARAGUAY),12.00,14.50
vodafone,PARAGUAY,PY,Paraguay,,Standard,5,15,25.00,USD,N,1.0,2026-07-07,PRY,,5 GB 15 Days (PARAGUAY),21.00,25.00
vodafone,PARAGUAY,PY,Paraguay,,Standard,15,30,36.50,USD,N,1.0,2026-07-07,PRY,,15 GB 30 Days (PARAGUAY),31.00,36.50
vodafone,PERU,PE,Peru,,Standard,5,10,14.50,USD,N,1.0,2026-07-07,PER,,5 GB 10 Days (PERU),12.00,14.50
vodafone,PERU,PE,Peru,,Standard,10,30,25.00,USD,N,1.0,2026-07-07,PER,,10 GB 30 Days (PERU),21.00,25.00
vodafone,PERU,PE,Peru,,Standard,20,30,36.50,USD,N,1.0,2026-07-07,PER,,20 GB 30 Days (PERU),31.00,36.50
vodafone,PHILIPPINES,PH,Philippines,,Standard,2,7,11.00,USD,N,1.0,2026-07-07,PHL,,2 GB 7 Days (PHILIPPINES),9.00,11.00
vodafone,PHILIPPINES,PH,Philippines,,Standard,3,15,12.00,USD,N,1.0,2026-07-07,PHL,,3 GB 15 Days (PHILIPPINES),10.00,12.00
vodafone,PHILIPPINES,PH,Philippines,,Standard,5,30,13.00,USD,N,1.0,2026-07-07,PHL,,5 GB 30 Days (PHILIPPINES),11.00,13.00
vodafone,POLAND,PL,Poland,,Standard,10,15,12.00,USD,N,1.0,2026-07-07,POL,,10 GB 15 Days (POLAND),10.00,12.00
vodafone,POLAND,PL,Poland,,Standard,20,30,15.50,USD,N,1.0,2026-07-07,POL,,20 GB 30 Days (POLAND),13.00,15.50
vodafone,POLAND,PL,Poland,,Standard,50,30,30.50,USD,N,1.0,2026-07-07,POL,,50 GB 30 Days (POLAND),26.00,30.50
vodafone,PORTUGAL,PT,Portugal,,Standard,10,15,12.00,USD,N,1.0,2026-07-07,PRT,,10 GB 15 Days (PORTUGAL),10.00,12.00
vodafone,PORTUGAL,PT,Portugal,,Standard,20,15,18.00,USD,N,1.0,2026-07-07,PRT,,20 GB 15 Days (PORTUGAL),15.00,18.00
vodafone,PORTUGAL,PT,Portugal,,Standard,50,30,34.00,USD,N,1.0,2026-07-07,PRT,,50 GB 30 Days (PORTUGAL),29.00,34.00
vodafone,PORTUGAL,PT,Portugal,,Unlimited,UNL,15,43.50,USD,N,1.0,2026-07-07,PRT,,UNL GB 15 Days (PORTUGAL),37.00,43.50
vodafone,PUERTO RICO,PR,Puerto Rico,,Standard,5,10,13.00,USD,N,1.0,2026-07-07,PRI,,5 GB 10 Days (PUERTO RICO),11.00,13.00
vodafone,PUERTO RICO,PR,Puerto Rico,,Standard,10,15,20.00,USD,N,1.0,2026-07-07,PRI,,10 GB 15 Days (PUERTO RICO),17.00,20.00
vodafone,PUERTO RICO,PR,Puerto Rico,,Standard,20,30,36.50,USD,N,1.0,2026-07-07,PRI,,20 GB 30 Days (PUERTO RICO),31.00,36.50
vodafone,QATAR,QA,Qatar,,Standard,3,7,12.00,USD,N,1.0,2026-07-07,QAT,,3 GB 7 Days (QATAR),10.00,12.00
vodafone,QATAR,QA,Qatar,,Standard,5,10,13.00,USD,N,1.0,2026-07-07,QAT,,5 GB 10 Days (QATAR),11.00,13.00
vodafone,QATAR,QA,Qatar,,Standard,10,15,22.50,USD,N,1.0,2026-07-07,QAT,,10 GB 15 Days (QATAR),19.00,22.50
vodafone,QATAR,QA,Qatar,,Standard,20,30,40.00,USD,N,1.0,2026-07-07,QAT,,20 GB 30 Days (QATAR),34.00,40.00
vodafone,REUNION,RE,Réunion,,Standard,5,7,13.00,USD,N,1.0,2026-07-07,REU,,5 GB 7 Days (REUNION),11.00,13.00
vodafone,REUNION,RE,Réunion,,Standard,10,10,16.50,USD,N,1.0,2026-07-07,REU,,10 GB 10 Days (REUNION),14.00,16.50
vodafone,REUNION,RE,Réunion,,Standard,20,30,25.00,USD,N,1.0,2026-07-07,REU,,20 GB 30 Days (REUNION),21.00,25.00
vodafone,ROMANIA,RO,Romania,,Standard,5,7,12.00,USD,N,1.0,2026-07-07,ROU,,5 GB 7 Days (ROMANIA),10.00,12.00
vodafone,ROMANIA,RO,Romania,,Standard,10,15,15.50,USD,N,1.0,2026-07-07,ROU,,10 GB 15 Days (ROMANIA),13.00,15.50
vodafone,ROMANIA,RO,Romania,,Standard,20,30,22.50,USD,N,1.0,2026-07-07,ROU,,20 GB 30 Days (ROMANIA),19.00,22.50
vodafone,ROMANIA,RO,Romania,,Standard,50,30,36.50,USD,N,1.0,2026-07-07,ROU,,50 GB 30 Days (ROMANIA),31.00,36.50
vodafone,RUSSIAN FEDERATION,RU,Russian Federation,,Standard,3,15,15.00,USD,N,1.0,2026-07-07,RUS,,3 GB 15 Days (RUSSIAN FEDERATION),12.50,15.00
vodafone,RWANDA,RW,Rwanda,,Standard,5,10,23.50,USD,N,1.0,2026-07-07,RWA,,5 GB 10 Days (RWANDA),20.00,23.50
vodafone,RWANDA,RW,Rwanda,,Standard,15,30,44.50,USD,N,1.0,2026-07-07,RWA,,15 GB 30 Days (RWANDA),38.00,44.50
vodafone,SAINT KITTS AND NEVIS,KN,Saint Kitts and Nevis,,Standard,2,7,15.50,USD,N,1.0,2026-07-07,KNA,,2 GB 7 Days (SAINT KITTS AND NEVIS),13.00,15.50
vodafone,SAINT KITTS AND NEVIS,KN,Saint Kitts and Nevis,,Standard,3,15,19.00,USD,N,1.0,2026-07-07,KNA,,3 GB 15 Days (SAINT KITTS AND NEVIS),16.00,19.00
vodafone,SAINT KITTS AND NEVIS,KN,Saint Kitts and Nevis,,Standard,5,30,28.50,USD,N,1.0,2026-07-07,KNA,,5 GB 30 Days (SAINT KITTS AND NEVIS),24.00,28.50
vodafone,SAINT LUCIA,LC,Saint Lucia,,Standard,2,7,15.50,USD,N,1.0,2026-07-07,LCA,,2 GB 7 Days (SAINT LUCIA),13.00,15.50
vodafone,SAINT LUCIA,LC,Saint Lucia,,Standard,3,15,19.00,USD,N,1.0,2026-07-07,LCA,,3 GB 15 Days (SAINT LUCIA),16.00,19.00
vodafone,SAINT LUCIA,LC,Saint Lucia,,Standard,5,30,28.50,USD,N,1.0,2026-07-07,LCA,,5 GB 30 Days (SAINT LUCIA),24.00,28.50
vodafone,SAUDI ARABIA,SA,Saudi Arabia,,Standard,3,15,12.00,USD,N,1.0,2026-07-07,SAU,,3 GB 15 Days (SAUDI ARABIA),10.00,12.00
vodafone,SAUDI ARABIA,SA,Saudi Arabia,,Standard,5,30,14.50,USD,N,1.0,2026-07-07,SAU,,5 GB 30 Days (SAUDI ARABIA),12.00,14.50
vodafone,SAUDI ARABIA,SA,Saudi Arabia,,Standard,10,30,25.00,USD,N,1.0,2026-07-07,SAU,,10 GB 30 Days (SAUDI ARABIA),21.00,25.00
vodafone,SAUDI ARABIA,SA,Saudi Arabia,,Standard,20,30,41.00,USD,N,1.0,2026-07-07,SAU,,20 GB 30 Days (SAUDI ARABIA),35.00,41.00
vodafone,SENEGAL,SN,Senegal,,Standard,2,7,14.50,USD,N,1.0,2026-07-07,SEN,,2 GB 7 Days (SENEGAL),12.00,14.50
vodafone,SENEGAL,SN,Senegal,,Standard,3,15,22.50,USD,N,1.0,2026-07-07,SEN,,3 GB 15 Days (SENEGAL),19.00,22.50
vodafone,SENEGAL,SN,Senegal,,Standard,5,30,39.00,USD,N,1.0,2026-07-07,SEN,,5 GB 30 Days (SENEGAL),33.00,39.00
vodafone,SERBIA,RS,Serbia,,Standard,5,10,12.00,USD,N,1.0,2026-07-07,SRB,,5 GB 10 Days (SERBIA),10.00,12.00
vodafone,SERBIA,RS,Serbia,,Standard,10,15,15.50,USD,N,1.0,2026-07-07,SRB,,10 GB 15 Days (SERBIA),13.00,15.50
vodafone,SERBIA,RS,Serbia,,Standard,20,30,25.00,USD,N,1.0,2026-07-07,SRB,,20 GB 30 Days (SERBIA),21.00,25.00
vodafone,SERBIA,RS,Serbia,,Standard,50,30,48.00,USD,N,1.0,2026-07-07,SRB,,50 GB 30 Days (SERBIA),41.00,48.00
vodafone,SIERRA LEONE,SL,Sierra Leone,,Standard,2,7,14.50,USD,N,1.0,2026-07-07,SLE,,2 GB 7 Days (SIERRA LEONE),12.00,14.50
vodafone,SIERRA LEONE,SL,Sierra Leone,,Standard,3,15,22.50,USD,N,1.0,2026-07-07,SLE,,3 GB 15 Days (SIERRA LEONE),19.00,22.50
vodafone,SIERRA LEONE,SL,Sierra Leone,,Standard,5,30,34.00,USD,N,1.0,2026-07-07,SLE,,5 GB 30 Days (SIERRA LEONE),29.00,34.00
vodafone,SINGAPORE,SG,Singapore,,Standard,5,10,12.00,USD,N,1.0,2026-07-07,SGP,,5 GB 10 Days (SINGAPORE),10.00,12.00
vodafone,SINGAPORE,SG,Singapore,,Standard,10,15,15.50,USD,N,1.0,2026-07-07,SGP,,10 GB 15 Days (SINGAPORE),13.00,15.50
vodafone,SINGAPORE,SG,Singapore,,Standard,20,30,22.50,USD,N,1.0,2026-07-07,SGP,,20 GB 30 Days (SINGAPORE),19.00,22.50
vodafone,SINGAPORE,SG,Singapore,,Standard,50,30,47.00,USD,N,1.0,2026-07-07,SGP,,50 GB 30 Days (SINGAPORE),40.00,47.00
vodafone,SLOVAKIA SLOVAK REPUBLIC,SK,Slovakia,,Standard,10,15,13.00,USD,N,1.0,2026-07-07,SVK,,10 GB 15 Days (SLOVAKIA SLOVAK REPUBLIC),11.00,13.00
vodafone,SLOVAKIA SLOVAK REPUBLIC,SK,Slovakia,,Standard,20,30,20.00,USD,N,1.0,2026-07-07,SVK,,20 GB 30 Days (SLOVAKIA SLOVAK REPUBLIC),17.00,20.00
vodafone,SLOVAKIA SLOVAK REPUBLIC,SK,Slovakia,,Standard,50,30,32.00,USD,N,1.0,2026-07-07,SVK,,50 GB 30 Days (SLOVAKIA SLOVAK REPUBLIC),27.00,32.00
vodafone,SLOVENIA,SI,Slovenia,,Standard,5,10,12.00,USD,N,1.0,2026-07-07,SVN,,5 GB 10 Days (SLOVENIA),10.00,12.00
vodafone,SLOVENIA,SI,Slovenia,,Standard,10,15,15.50,USD,N,1.0,2026-07-07,SVN,,10 GB 15 Days (SLOVENIA),13.00,15.50
vodafone,SLOVENIA,SI,Slovenia,,Standard,20,30,29.50,USD,N,1.0,2026-07-07,SVN,,20 GB 30 Days (SLOVENIA),25.00,29.50
vodafone,SOUTH AFRICA,ZA,South Africa,,Standard,3,10,9.50,USD,N,1.0,2026-07-07,ZAF,,3 GB 10 Days (SOUTH AFRICA),8.00,9.50
vodafone,SOUTH AFRICA,ZA,South Africa,,Standard,5,15,12.00,USD,N,1.0,2026-07-07,ZAF,,5 GB 15 Days (SOUTH AFRICA),10.00,12.00
vodafone,SOUTH AFRICA,ZA,South Africa,,Standard,10,30,19.00,USD,N,1.0,2026-07-07,ZAF,,10 GB 30 Days (SOUTH AFRICA),16.00,19.00
vodafone,SOUTH AFRICA,ZA,South Africa,,Standard,20,30,32.00,USD,N,1.0,2026-07-07,ZAF,,20 GB 30 Days (SOUTH AFRICA),27.00,32.00
vodafone,SOUTH AFRICA,ZA,South Africa,,Unlimited,UNL,15,63.50,USD,N,1.0,2026-07-07,ZAF,,UNL GB 15 Days (SOUTH AFRICA),54.00,63.50
vodafone,SPAIN,ES,Spain,,Standard,10,15,13.00,USD,N,1.0,2026-07-07,ESP,,10 GB 15 Days (SPAIN),11.00,13.00
vodafone,SPAIN,ES,Spain,,Standard,20,30,18.00,USD,N,1.0,2026-07-07,ESP,,20 GB 30 Days (SPAIN),15.00,18.00
vodafone,SPAIN,ES,Spain,,Standard,50,30,37.50,USD,N,1.0,2026-07-07,ESP,,50 GB 30 Days (SPAIN),32.00,37.50
vodafone,SPAIN,ES,Spain,,Unlimited,UNL,15,41.00,USD,N,1.0,2026-07-07,ESP,,UNL GB 15 Days (SPAIN),35.00,41.00
vodafone,SRI LANKA,LK,Sri Lanka,,Standard,2,7,7.50,USD,N,1.0,2026-07-07,LKA,,2 GB 7 Days (SRI LANKA),6.00,7.50
vodafone,SRI LANKA,LK,Sri Lanka,,Standard,3,15,8.50,USD,N,1.0,2026-07-07,LKA,,3 GB 15 Days (SRI LANKA),7.00,8.50
vodafone,SRI LANKA,LK,Sri Lanka,,Standard,5,30,11.00,USD,N,1.0,2026-07-07,LKA,,5 GB 30 Days (SRI LANKA),9.00,11.00
vodafone,SURINAME,SR,Suriname,,Standard,2,7,14.50,USD,N,1.0,2026-07-07,SUR,,2 GB 7 Days (SURINAME),12.00,14.50
vodafone,SURINAME,SR,Suriname,,Standard,5,10,28.50,USD,N,1.0,2026-07-07,SUR,,5 GB 10 Days (SURINAME),24.00,28.50
vodafone,SURINAME,SR,Suriname,,Standard,10,15,43.50,USD,N,1.0,2026-07-07,SUR,,10 GB 15 Days (SURINAME),37.00,43.50
vodafone,SWEDEN,SE,Sweden,,Standard,5,10,12.00,USD,N,1.0,2026-07-07,SWE,,5 GB 10 Days (SWEDEN),10.00,12.00
vodafone,SWEDEN,SE,Sweden,,Standard,10,15,13.00,USD,N,1.0,2026-07-07,SWE,,10 GB 15 Days (SWEDEN),11.00,13.00
vodafone,SWEDEN,SE,Sweden,,Standard,20,30,20.00,USD,N,1.0,2026-07-07,SWE,,20 GB 30 Days (SWEDEN),17.00,20.00
vodafone,SWEDEN,SE,Sweden,,Standard,50,30,37.50,USD,N,1.0,2026-07-07,SWE,,50 GB 30 Days (SWEDEN),32.00,37.50
vodafone,SWITZERLAND,CH,Switzerland,,Standard,5,15,12.00,USD,N,1.0,2026-07-07,CHE,,5 GB 15 Days (SWITZERLAND),10.00,12.00
vodafone,SWITZERLAND,CH,Switzerland,,Standard,10,30,20.00,USD,N,1.0,2026-07-07,CHE,,10 GB 30 Days (SWITZERLAND),17.00,20.00
vodafone,SWITZERLAND,CH,Switzerland,,Standard,20,30,34.00,USD,N,1.0,2026-07-07,CHE,,20 GB 30 Days (SWITZERLAND),29.00,34.00
vodafone,SWITZERLAND,CH,Switzerland,,Unlimited,UNL,15,46.00,USD,N,1.0,2026-07-07,CHE,,UNL GB 15 Days (SWITZERLAND),39.00,46.00
vodafone,TAIWAN,TW,"Taiwan, Province of China",,Standard,2,7,12.00,USD,N,1.0,2026-07-07,TWN,,2 GB 7 Days (TAIWAN),10.00,12.00
vodafone,TAIWAN,TW,"Taiwan, Province of China",,Standard,3,15,15.50,USD,N,1.0,2026-07-07,TWN,,3 GB 15 Days (TAIWAN),13.00,15.50
vodafone,TAIWAN,TW,"Taiwan, Province of China",,Standard,5,30,22.50,USD,N,1.0,2026-07-07,TWN,,5 GB 30 Days (TAIWAN),19.00,22.50
vodafone,TAJIKISTAN,TJ,Tajikistan,,Standard,2,7,12.00,USD,N,1.0,2026-07-07,TJK,,2 GB 7 Days (TAJIKISTAN),10.00,12.00
vodafone,TAJIKISTAN,TJ,Tajikistan,,Standard,3,15,15.50,USD,N,1.0,2026-07-07,TJK,,3 GB 15 Days (TAJIKISTAN),13.00,15.50
vodafone,TAJIKISTAN,TJ,Tajikistan,,Standard,5,30,28.50,USD,N,1.0,2026-07-07,TJK,,5 GB 30 Days (TAJIKISTAN),24.00,28.50
vodafone,TANZANIA UNITED REPUBLIC OF,TZ,"Tanzania, United Republic of",,Standard,2,7,9.50,USD,N,1.0,2026-07-07,TZA,,2 GB 7 Days (TANZANIA UNITED REPUBLIC OF),8.00,9.50
vodafone,TANZANIA UNITED REPUBLIC OF,TZ,"Tanzania, United Republic of",,Standard,3,15,11.00,USD,N,1.0,2026-07-07,TZA,,3 GB 15 Days (TANZANIA UNITED REPUBLIC OF),9.00,11.00
vodafone,TANZANIA UNITED REPUBLIC OF,TZ,"Tanzania, United Republic of",,Standard,5,30,13.00,USD,N,1.0,2026-07-07,TZA,,5 GB 30 Days (TANZANIA UNITED REPUBLIC OF),11.00,13.00
vodafone,TANZANIA UNITED REPUBLIC OF,TZ,"Tanzania, United Republic of",,Unlimited,UNL,15,102.00,USD,N,1.0,2026-07-07,TZA,,UNL GB 15 Days (TANZANIA UNITED REPUBLIC OF),87.00,102.00
vodafone,THAILAND,TH,Thailand,,Standard,10,15,13.00,USD,N,1.0,2026-07-07,THA,,10 GB 15 Days (THAILAND),11.00,13.00
vodafone,THAILAND,TH,Thailand,,Standard,20,30,20.00,USD,N,1.0,2026-07-07,THA,,20 GB 30 Days (THAILAND),17.00,20.00
vodafone,THAILAND,TH,Thailand,,Standard,50,30,36.50,USD,N,1.0,2026-07-07,THA,,50 GB 30 Days (THAILAND),31.00,36.50
vodafone,THAILAND,TH,Thailand,,Unlimited,UNL,15,55.00,USD,N,1.0,2026-07-07,THA,,UNL GB 15 Days (THAILAND),47.00,55.00
vodafone,TOGO,TG,Togo,,Standard,1,7,13.00,USD,N,1.0,2026-07-07,TGO,,1 GB 7 Days (TOGO),11.00,13.00
vodafone,TONGA,TO,Tonga,,Standard,3,10,12.00,USD,N,1.0,2026-07-07,TON,,3 GB 10 Days (TONGA),10.00,12.00
vodafone,TONGA,TO,Tonga,,Standard,5,15,16.50,USD,N,1.0,2026-07-07,TON,,5 GB 15 Days (TONGA),14.00,16.50
vodafone,TONGA,TO,Tonga,,Standard,10,30,30.50,USD,N,1.0,2026-07-07,TON,,10 GB 30 Days (TONGA),26.00,30.50
vodafone,TUNISIA,TN,Tunisia,,Standard,5,15,12.00,USD,N,1.0,2026-07-07,TUN,,5 GB 15 Days (TUNISIA),10.00,12.00
vodafone,TUNISIA,TN,Tunisia,,Standard,10,30,16.50,USD,N,1.0,2026-07-07,TUN,,10 GB 30 Days (TUNISIA),14.00,16.50
vodafone,TUNISIA,TN,Tunisia,,Standard,20,30,29.50,USD,N,1.0,2026-07-07,TUN,,20 GB 30 Days (TUNISIA),25.00,29.50
vodafone,TURKEY,TR,Türkiye,,Standard,3,7,12.00,USD,N,1.0,2026-07-07,TUR,,3 GB 7 Days (TURKEY),10.00,12.00
vodafone,TURKEY,TR,Türkiye,,Standard,10,15,13.00,USD,N,1.0,2026-07-07,TUR,,10 GB 15 Days (TURKEY),11.00,13.00
vodafone,TURKEY,TR,Türkiye,,Standard,20,30,20.00,USD,N,1.0,2026-07-07,TUR,,20 GB 30 Days (TURKEY),17.00,20.00
vodafone,TURKEY,TR,Türkiye,,Standard,50,30,32.00,USD,N,1.0,2026-07-07,TUR,,50 GB 30 Days (TURKEY),27.00,32.00
vodafone,TURKEY,TR,Türkiye,,Unlimited,UNL,15,48.00,USD,N,1.0,2026-07-07,TUR,,UNL GB 15 Days (TURKEY),41.00,48.00
vodafone,TURKS AND CAICOS ISLANDS,TC,Turks and Caicos Islands,,Standard,3,15,16.50,USD,N,1.0,2026-07-07,TCA,,3 GB 15 Days (TURKS AND CAICOS ISLANDS),14.00,16.50
vodafone,TURKS AND CAICOS ISLANDS,TC,Turks and Caicos Islands,,Standard,5,30,25.00,USD,N,1.0,2026-07-07,TCA,,5 GB 30 Days (TURKS AND CAICOS ISLANDS),21.00,25.00
vodafone,UKRAINE,UA,Ukraine,,Standard,5,10,12.00,USD,N,1.0,2026-07-07,UKR,,5 GB 10 Days (UKRAINE),10.00,12.00
vodafone,UKRAINE,UA,Ukraine,,Standard,10,30,14.50,USD,N,1.0,2026-07-07,UKR,,10 GB 30 Days (UKRAINE),12.00,14.50
vodafone,UKRAINE,UA,Ukraine,,Standard,20,30,19.00,USD,N,1.0,2026-07-07,UKR,,20 GB 30 Days (UKRAINE),16.00,19.00
vodafone,UNITED ARAB EMIRATES,AE,United Arab Emirates,,Standard,3,15,12.00,USD,N,1.0,2026-07-07,ARE,,3 GB 15 Days (UNITED ARAB EMIRATES),10.00,12.00
vodafone,UNITED ARAB EMIRATES,AE,United Arab Emirates,,Standard,5,30,15.50,USD,N,1.0,2026-07-07,ARE,,5 GB 30 Days (UNITED ARAB EMIRATES),13.00,15.50
vodafone,UNITED ARAB EMIRATES,AE,United Arab Emirates,,Standard,10,30,25.00,USD,N,1.0,2026-07-07,ARE,,10 GB 30 Days (UNITED ARAB EMIRATES),21.00,25.00
vodafone,UNITED ARAB EMIRATES,AE,United Arab Emirates,,Standard,20,30,46.00,USD,N,1.0,2026-07-07,ARE,,20 GB 30 Days (UNITED ARAB EMIRATES),39.00,46.00
vodafone,UNITED ARAB EMIRATES,AE,United Arab Emirates,,Unlimited,UNL,15,121.00,USD,N,1.0,2026-07-07,ARE,,UNL GB 15 Days (UNITED ARAB EMIRATES),103.00,121.00
vodafone,UNITED KINGDOM,GB,United Kingdom,,Standard,2,7,11.00,USD,N,1.0,2026-07-07,GBR,,2 GB 7 Days (UNITED KINGDOM),9.00,11.00
vodafone,UNITED KINGDOM,GB,United Kingdom,,Standard,10,10,16.50,USD,N,1.0,2026-07-07,GBR,,10 GB 10 Days (UNITED KINGDOM),14.00,16.50
vodafone,UNITED KINGDOM,GB,United Kingdom,,Standard,20,30,28.50,USD,N,1.0,2026-07-07,GBR,,20 GB 30 Days (UNITED KINGDOM),24.00,28.50
vodafone,UNITED KINGDOM,GB,United Kingdom,,Standard,50,30,34.00,USD,N,1.0,2026-07-07,GBR,,50 GB 30 Days (UNITED KINGDOM),29.00,34.00
vodafone,UNITED KINGDOM,GB,United Kingdom,,Unlimited,UNL,15,46.00,USD,N,1.0,2026-07-07,GBR,,UNL GB 15 Days (UNITED KINGDOM),39.00,46.00
vodafone,UNITED STATES,US,United States,,Standard,5,10,12.00,USD,N,1.0,2026-07-07,USA,,5 GB 10 Days (UNITED STATES),10.00,12.00
vodafone,UNITED STATES,US,United States,,Standard,10,15,20.00,USD,N,1.0,2026-07-07,USA,,10 GB 15 Days (UNITED STATES),17.00,20.00
vodafone,UNITED STATES,US,United States,,Standard,20,30,32.00,USD,N,1.0,2026-07-07,USA,,20 GB 30 Days (UNITED STATES),27.00,32.00
vodafone,UNITED STATES,US,United States,,Standard,50,30,40.00,USD,N,1.0,2026-07-07,USA,,50 GB 30 Days (UNITED STATES),34.00,40.00
vodafone,UNITED STATES,US,United States,,Unlimited,UNL,15,28.50,USD,N,1.0,2026-07-07,USA,,UNL GB 15 Days (UNITED STATES),24.00,28.50
vodafone,URUGUAY,UY,Uruguay,,Standard,2,7,12.00,USD,N,1.0,2026-07-07,URY,,2 GB 7 Days (URUGUAY),10.00,12.00
vodafone,URUGUAY,UY,Uruguay,,Standard,3,15,15.50,USD,N,1.0,2026-07-07,URY,,3 GB 15 Days (URUGUAY),13.00,15.50
vodafone,URUGUAY,UY,Uruguay,,Standard,5,15,22.50,USD,N,1.0,2026-07-07,URY,,5 GB 15 Days (URUGUAY),19.00,22.50
vodafone,UZBEKISTAN,UZ,Uzbekistan,,Standard,2,7,7.50,USD,N,1.0,2026-07-07,UZB,,2 GB 7 Days (UZBEKISTAN),6.00,7.50
vodafone,UZBEKISTAN,UZ,Uzbekistan,,Standard,3,15,8.50,USD,N,1.0,2026-07-07,UZB,,3 GB 15 Days (UZBEKISTAN),7.00,8.50
vodafone,UZBEKISTAN,UZ,Uzbekistan,,Standard,5,30,12.00,USD,N,1.0,2026-07-07,UZB,,5 GB 30 Days (UZBEKISTAN),10.00,12.00
vodafone,VENEZUELA,VE,"Venezuela, Bolivarian Republic of",,Standard,2,7,209.50,USD,N,1.0,2026-07-07,VEN,,2 GB 7 Days (VENEZUELA),179.00,209.50
vodafone,VENEZUELA,VE,"Venezuela, Bolivarian Republic of",,Standard,3,15,291.50,USD,N,1.0,2026-07-07,VEN,,3 GB 15 Days (VENEZUELA),249.00,291.50
vodafone,VENEZUELA,VE,"Venezuela, Bolivarian Republic of",,Standard,5,30,467.00,USD,N,1.0,2026-07-07,VEN,,5 GB 30 Days (VENEZUELA),399.00,467.00
vodafone,VIETNAM,VN,Viet Nam,,Standard,5,10,12.00,USD,N,1.0,2026-07-07,VNM,,5 GB 10 Days (VIETNAM),10.00,12.00
vodafone,VIETNAM,VN,Viet Nam,,Standard,10,15,15.50,USD,N,1.0,2026-07-07,VNM,,10 GB 15 Days (VIETNAM),13.00,15.50
vodafone,VIETNAM,VN,Viet Nam,,Standard,20,30,25.00,USD,N,1.0,2026-07-07,VNM,,20 GB 30 Days (VIETNAM),21.00,25.00
vodafone,VIETNAM,VN,Viet Nam,,Standard,50,30,44.50,USD,N,1.0,2026-07-07,VNM,,50 GB 30 Days (VIETNAM),38.00,44.50
